wall_time_iso,t_wall,t_perf,session_elapsed_s,stage,robot_id,seq,left_cmd,right_cmd,requested_delay_ms,actual_delay_ms,scheduled_perf,sent_perf,ack_perf,rtt_ms,esp_rx_ms,duplicate,ack_requested,success,error
2026-08-18T05:42:56.037+00:00,1787031776.0370562,191588.1014321,0.15755770000396296,send_error,1,5,0,0,0.0,0.0,191588.1014258,,,,,,,0,robot_not_discovered
2026-08-18T05:42:56.145+00:00,1787031776.1450524,191588.2091715,0.26529710000613704,sent,2,6,-18,65,0.0,0.0,191588.2087887,191588.2088622,,,,,0,1,
2026-08-18T05:42:56.146+00:00,1787031776.1460617,191588.2101965,0.2663221000111662,sent,3,7,1,68,0.0,0.0,191588.2097168,191588.2098239,,,,,0,1,
2026-08-18T05:42:56.146+00:00,1787031776.1460617,191588.2102327,0.26635829999577254,send_error,10,8,0,0,0.0,0.0,191588.2102297,,,,,,,0,robot_not_discovered
2026-08-18T05:42:56.270+00:00,1787031776.27061,191588.3348916,0.3910172000178136,send_error,1,9,0,0,0.0,0.0,191588.3348817,,,,,,,0,robot_not_discovered
2026-08-18T05:42:56.273+00:00,1787031776.274913,191588.3387082,0.39483380000456236,sent,2,10,18,43,0.0,0.0,191588.3381844,191588.3382887,,,,,0,1,
2026-08-18T05:42:56.275+00:00,1787031776.2759113,191588.3397996,0.39592520002042875,sent,3,11,27,42,0.0,0.0,191588.3394794,191588.3396231,,,,,0,1,
2026-08-18T05:42:56.275+00:00,1787031776.2759113,191588.3398335,0.3959591000166256,send_error,10,12,0,0,0.0,0.0,191588.3398306,,,,,,,0,robot_not_discovered
2026-08-18T05:42:56.410+00:00,1787031776.4101079,191588.4740001,0.5301256999955513,send_error,1,13,0,0,0.0,0.0,191588.4739895,,,,,,,0,robot_not_discovered
2026-08-18T05:42:56.415+00:00,1787031776.415109,191588.4793466,0.5354722000192851,sent,2,14,18,43,0.0,0.0,191588.4789796,191588.4790792,,,,,0,1,
2026-08-18T05:42:56.416+00:00,1787031776.4161081,191588.480009,0.536134599999059,sent,3,15,27,42,0.0,0.0,191588.4797355,191588.479811,,,,,0,1,
2026-08-18T05:42:56.416+00:00,1787031776.4161081,191588.4800405,0.5361661000060849,send_error,10,16,0,0,0.0,0.0,191588.4800379,,,,,,,0,robot_not_discovered
2026-08-18T05:42:56.554+00:00,1787031776.5548756,191588.6196233,0.6757489000156056,send_error,1,17,0,0,0.0,0.0,191588.6196005,,,,,,,0,robot_not_discovered
2026-08-18T05:42:56.560+00:00,1787031776.5608761,191588.6255021,0.681627700017998,sent,2,18,18,43,0.0,0.0,191588.6249932,191588.62514,,,,,0,1,
2026-08-18T05:42:56.561+00:00,1787031776.561889,191588.626304,0.6824296000122558,sent,3,19,27,42,0.0,0.0,191588.6260455,191588.6261325,,,,,0,1,
2026-08-18T05:42:56.561+00:00,1787031776.561889,191588.6263358,0.6824614000215661,send_error,10,20,0,0,0.0,0.0,191588.6263317,,,,,,,0,robot_not_discovered
2026-08-18T05:42:56.692+00:00,1787031776.6922858,191588.7567859,0.8129115000192542,send_error,1,21,0,0,0.0,0.0,191588.756769,,,,,,,0,robot_not_discovered
2026-08-18T05:42:56.696+00:00,1787031776.6962824,191588.7607745,0.8169001000060234,sent,2,22,18,43,0.0,0.0,191588.7604455,191588.7605527,,,,,0,1,
2026-08-18T05:42:56.697+00:00,1787031776.6972816,191588.7613292,0.8174548000097275,sent,3,23,27,42,0.0,0.0,191588.7611039,191588.7611741,,,,,0,1,
2026-08-18T05:42:56.697+00:00,1787031776.6972816,191588.7613596,0.8174852000083774,send_error,10,24,0,0,0.0,0.0,191588.7613569,,,,,,,0,robot_not_discovered
2026-08-18T05:42:56.840+00:00,1787031776.8402953,191588.904605,0.9607305999961682,send_error,1,25,0,0,0.0,0.0,191588.9045945,,,,,,,0,robot_not_discovered
2026-08-18T05:42:56.844+00:00,1787031776.8448126,191588.9089392,0.9650647999951616,sent,2,26,18,43,0.0,0.0,191588.9082011,191588.9084078,,,,,0,1,
2026-08-18T05:42:56.845+00:00,1787031776.8458064,191588.9097305,0.9658560999960173,sent,3,27,27,42,0.0,0.0,191588.9094443,191588.9095073,,,,,0,1,
2026-08-18T05:42:56.845+00:00,1787031776.8458064,191588.9098038,0.9659294000011869,send_error,10,28,0,0,0.0,0.0,191588.9097993,,,,,,,0,robot_not_discovered
2026-08-18T05:42:56.983+00:00,1787031776.9839928,191589.0481825,1.1043081000098027,send_error,1,29,0,0,0.0,0.0,191589.0481708,,,,,,,0,robot_not_discovered
2026-08-18T05:42:56.988+00:00,1787031776.9889932,191589.0531552,1.1092808000103105,sent,2,30,20,43,0.0,0.0,191589.0529623,191589.053053,,,,,0,1,
2026-08-18T05:42:56.989+00:00,1787031776.9899933,191589.0541103,1.1102359000069555,sent,3,31,28,41,0.0,0.0,191589.0538136,191589.053926,,,,,0,1,
2026-08-18T05:42:56.989+00:00,1787031776.9899933,191589.0541736,1.1102991999941878,send_error,10,32,0,0,0.0,0.0,191589.0541702,,,,,,,0,robot_not_discovered
2026-08-18T05:42:57.119+00:00,1787031777.119232,191589.1832645,1.2393901000032201,send_error,1,33,0,0,0.0,0.0,191589.1832527,,,,,,,0,robot_not_discovered
2026-08-18T05:42:57.124+00:00,1787031777.1242306,191589.1884485,1.2445741000119597,sent,2,34,21,44,0.0,0.0,191589.1882211,191589.1883422,,,,,0,1,
2026-08-18T05:42:57.125+00:00,1787031777.1252334,191589.1891426,1.2452682000002824,sent,3,35,30,39,0.0,0.0,191589.1889564,191589.1890429,,,,,0,1,
2026-08-18T05:42:57.125+00:00,1787031777.1252334,191589.1891837,1.245309299993096,send_error,10,36,0,0,0.0,0.0,191589.1891803,,,,,,,0,robot_not_discovered
2026-08-18T05:42:57.268+00:00,1787031777.2687109,191589.3333648,1.3894904000044335,send_error,1,37,0,0,0.0,0.0,191589.3333544,,,,,,,0,robot_not_discovered
2026-08-18T05:42:57.272+00:00,1787031777.2727182,191589.337251,1.393376599997282,sent,2,38,23,44,0.0,0.0,191589.3369661,191589.3370505,,,,,0,1,
2026-08-18T05:42:57.273+00:00,1787031777.273708,191589.3377795,1.3939051000052132,sent,3,39,31,38,0.0,0.0,191589.3376021,191589.3376696,,,,,0,1,
2026-08-18T05:42:57.273+00:00,1787031777.273708,191589.3378124,1.3939379999937955,send_error,10,40,0,0,0.0,0.0,191589.3378098,,,,,,,0,robot_not_discovered
2026-08-18T05:42:57.421+00:00,1787031777.4219034,191589.4858098,1.5419354000187013,send_error,1,41,0,0,0.0,0.0,191589.4857884,,,,,,,0,robot_not_discovered
2026-08-18T05:42:57.432+00:00,1787031777.43289,191589.4968252,1.5529508000181522,sent,2,42,24,44,0.0,0.0,191589.4965574,191589.4966525,,,,,0,1,
2026-08-18T05:42:57.432+00:00,1787031777.43289,191589.4973156,1.5534411999979056,sent,3,43,33,36,0.0,0.0,191589.4971611,191589.4972295,,,,,0,1,
2026-08-18T05:42:57.432+00:00,1787031777.43289,191589.4973512,1.5534768000070471,send_error,10,44,0,0,0.0,0.0,191589.4973484,,,,,,,0,robot_not_discovered
2026-08-18T05:42:57.567+00:00,1787031777.5678794,191589.6321298,1.6882554000185337,send_error,1,45,0,0,0.0,0.0,191589.6320871,,,,,,,0,robot_not_discovered
2026-08-18T05:42:57.576+00:00,1787031777.5768726,191589.6415391,1.6976647000119556,sent,2,46,26,43,0.0,0.0,191589.6412065,191589.6413458,,,,,0,1,
2026-08-18T05:42:57.577+00:00,1787031777.5778716,191589.6422226,1.6983482000068761,sent,3,47,36,33,0.0,0.0,191589.6420307,191589.6421034,,,,,0,1,
2026-08-18T05:42:57.577+00:00,1787031777.5778716,191589.6422594,1.6983849999960512,send_error,10,48,0,0,0.0,0.0,191589.6422565,,,,,,,0,robot_not_discovered
2026-08-18T05:42:57.707+00:00,1787031777.7078881,191589.7725008,1.8286264000053052,send_error,1,49,0,0,0.0,0.0,191589.7724911,,,,,,,0,robot_not_discovered
2026-08-18T05:42:57.713+00:00,1787031777.7133737,191589.777638,1.8337636000069324,sent,2,50,25,44,0.0,0.0,191589.7773665,191589.7774499,,,,,0,1,
2026-08-18T05:42:57.714+00:00,1787031777.7143035,191589.7780875,1.8342130999953952,sent,3,51,35,34,0.0,0.0,191589.777948,191589.7780088,,,,,0,1,
2026-08-18T05:42:57.714+00:00,1787031777.7143035,191589.7781151,1.8342407000018284,send_error,10,52,0,0,0.0,0.0,191589.7781125,,,,,,,0,robot_not_discovered
2026-08-18T05:42:57.857+00:00,1787031777.857499,191589.9220686,1.9781941999972332,send_error,1,53,0,0,0.0,0.0,191589.9220498,,,,,,,0,robot_not_discovered
2026-08-18T05:42:57.863+00:00,1787031777.8634965,191589.9275793,1.9837049000198022,sent,2,54,26,43,0.0,0.0,191589.9273173,191589.927423,,,,,0,1,
2026-08-18T05:42:57.863+00:00,1787031777.8634965,191589.9282246,1.9843502000148874,sent,3,55,35,34,0.0,0.0,191589.9280811,191589.9281525,,,,,0,1,
2026-08-18T05:42:57.863+00:00,1787031777.8634965,191589.9282544,1.9843800000089686,send_error,10,56,0,0,0.0,0.0,191589.9282514,,,,,,,0,robot_not_discovered
2026-08-18T05:42:57.995+00:00,1787031777.9954245,191590.0598654,2.1159909999987576,send_error,1,57,0,0,0.0,0.0,191590.0598561,,,,,,,0,robot_not_discovered
2026-08-18T05:42:58.000+00:00,1787031778.0004241,191590.0643808,2.120506400009617,sent,2,58,26,43,0.0,0.0,191590.064135,191590.0642357,,,,,0,1,
2026-08-18T05:42:58.000+00:00,1787031778.0004241,191590.0648518,2.1209774000162724,sent,3,59,34,35,0.0,0.0,191590.064676,191590.0647787,,,,,0,1,
2026-08-18T05:42:58.000+00:00,1787031778.0004241,191590.06488,2.1210055999981705,send_error,10,60,0,0,0.0,0.0,191590.0648775,,,,,,,0,robot_not_discovered
2026-08-18T05:42:58.131+00:00,1787031778.1312196,191590.1954767,2.2516023000061978,send_error,1,61,0,0,0.0,0.0,191590.1954668,,,,,,,0,robot_not_discovered
2026-08-18T05:42:58.136+00:00,1787031778.1362176,191590.2003328,2.2564584000210743,sent,2,62,26,43,0.0,0.0,191590.1998309,191590.2000229,,,,,0,1,
2026-08-18T05:42:58.137+00:00,1787031778.1372166,191590.2011853,2.257310899993172,sent,3,63,34,35,0.0,0.0,191590.2008481,191590.2009747,,,,,0,1,
2026-08-18T05:42:58.137+00:00,1787031778.1372166,191590.2012188,2.257344400015427,send_error,10,64,0,0,0.0,0.0,191590.201216,,,,,,,0,robot_not_discovered
2026-08-18T05:42:58.278+00:00,1787031778.2781513,191590.3419082,2.398033800011035,send_error,1,65,0,0,0.0,0.0,191590.341898,,,,,,,0,robot_not_discovered
2026-08-18T05:42:58.282+00:00,1787031778.2820432,191590.3462272,2.4023528000107035,sent,2,66,27,42,0.0,0.0,191590.3456298,191590.3458084,,,,,0,1,
2026-08-18T05:42:58.283+00:00,1787031778.2830305,191590.346832,2.402957600017544,sent,3,67,35,34,0.0,0.0,191590.3466461,191590.3467237,,,,,0,1,
2026-08-18T05:42:58.283+00:00,1787031778.2830305,191590.3468609,2.402986500004772,send_error,10,68,0,0,0.0,0.0,191590.346858,,,,,,,0,robot_not_discovered
2026-08-18T05:42:58.417+00:00,1787031778.417027,191590.4814377,2.537563299993053,send_error,1,69,0,0,0.0,0.0,191590.4814213,,,,,,,0,robot_not_discovered
2026-08-18T05:42:58.422+00:00,1787031778.4220285,191590.4864602,2.542585799994413,sent,2,70,29,40,0.0,0.0,191590.4862029,191590.4863447,,,,,0,1,
2026-08-18T05:42:58.423+00:00,1787031778.4230275,191590.4870623,2.543187900009798,sent,3,71,35,34,0.0,0.0,191590.4868434,191590.4869464,,,,,0,1,
2026-08-18T05:42:58.423+00:00,1787031778.4230275,191590.4871031,2.543228700000327,send_error,10,72,0,0,0.0,0.0,191590.4871002,,,,,,,0,robot_not_discovered
2026-08-18T05:42:58.554+00:00,1787031778.5544953,191590.6185783,2.6747039000038058,send_error,1,73,0,0,0.0,0.0,191590.6185679,,,,,,,0,robot_not_discovered
2026-08-18T05:42:58.558+00:00,1787031778.5584936,191590.6223628,2.6784884000080638,sent,2,74,28,41,0.0,0.0,191590.6221513,191590.622242,,,,,0,1,
2026-08-18T05:42:58.558+00:00,1787031778.5584936,191590.6229888,2.6791144000017084,sent,3,75,35,34,0.0,0.0,191590.6226416,191590.6228329,,,,,0,1,
2026-08-18T05:42:58.558+00:00,1787031778.5584936,191590.623071,2.6791966000164393,send_error,10,76,0,0,0.0,0.0,191590.6230672,,,,,,,0,robot_not_discovered
2026-08-18T05:42:58.692+00:00,1787031778.6923213,191590.757024,2.8131495999987237,send_error,1,77,0,0,0.0,0.0,191590.7570123,,,,,,,0,robot_not_discovered
2026-08-18T05:42:58.696+00:00,1787031778.6963265,191590.7609844,2.817110000003595,sent,2,78,28,41,0.0,0.0,191590.7607943,191590.7608826,,,,,0,1,
2026-08-18T05:42:58.697+00:00,1787031778.697331,191590.7613914,2.8175170000176877,sent,3,79,35,34,0.0,0.0,191590.7612632,191590.7613191,,,,,0,1,
2026-08-18T05:42:58.697+00:00,1787031778.697331,191590.7614208,2.817546400008723,send_error,10,80,0,0,0.0,0.0,191590.7614168,,,,,,,0,robot_not_discovered
2026-08-18T05:42:58.846+00:00,1787031778.8461683,191590.9105021,2.9666277000214905,send_error,1,81,0,0,0.0,0.0,191590.9104915,,,,,,,0,robot_not_discovered
2026-08-18T05:42:58.849+00:00,1787031778.8491688,191590.9137926,2.969918200018583,sent,2,82,28,41,0.0,0.0,191590.9135097,191590.9136129,,,,,0,1,
2026-08-18T05:42:58.850+00:00,1787031778.8501623,191590.9146247,2.9707503000099678,sent,3,83,35,34,0.0,0.0,191590.9143255,191590.9144459,,,,,0,1,
2026-08-18T05:42:58.850+00:00,1787031778.8501623,191590.9146965,2.9708221000037156,send_error,10,84,0,0,0.0,0.0,191590.9146924,,,,,,,0,robot_not_discovered
2026-08-18T05:42:59.008+00:00,1787031779.0085719,191591.0728018,3.1289274000155274,send_error,1,85,0,0,0.0,0.0,191591.0727914,,,,,,,0,robot_not_discovered
2026-08-18T05:42:59.013+00:00,1787031779.0135696,191591.0779217,3.134047300001839,sent,2,86,29,40,0.0,0.0,191591.0776319,191591.0777455,,,,,0,1,
2026-08-18T05:42:59.014+00:00,1787031779.01457,191591.0784397,3.1345653000171296,sent,3,87,36,33,0.0,0.0,191591.0782399,191591.0783235,,,,,0,1,
2026-08-18T05:42:59.014+00:00,1787031779.01457,191591.07847,3.134595600015018,send_error,10,88,0,0,0.0,0.0,191591.0784672,,,,,,,0,robot_not_discovered
2026-08-18T05:42:59.158+00:00,1787031779.1590269,191591.2227489,3.2788745000143535,send_error,1,89,0,0,0.0,0.0,191591.2227384,,,,,,,0,robot_not_discovered
2026-08-18T05:42:59.164+00:00,1787031779.1640267,191591.228454,3.284579600003781,sent,2,90,32,37,0.0,0.0,191591.228137,191591.2282885,,,,,0,1,
2026-08-18T05:42:59.165+00:00,1787031779.1650279,191591.2290153,3.285140899999533,sent,3,91,36,33,0.0,0.0,191591.2288256,191591.2289092,,,,,0,1,
2026-08-18T05:42:59.165+00:00,1787031779.1650279,191591.2290451,3.285170699993614,send_error,10,92,0,0,0.0,0.0,191591.2290425,,,,,,,0,robot_not_discovered
2026-08-18T05:42:59.283+00:00,1787031779.2837558,191591.3476888,3.40381439999328,send_error,1,93,0,0,0.0,0.0,191591.3476757,,,,,,,0,robot_not_discovered
2026-08-18T05:42:59.287+00:00,1787031779.287755,191591.351538,3.4076635999954306,sent,2,94,29,40,0.0,0.0,191591.3512649,191591.3514395,,,,,0,1,
2026-08-18T05:42:59.287+00:00,1787031779.287755,191591.3524684,3.4085940000077244,sent,3,95,36,33,0.0,0.0,191591.3522507,191591.3523371,,,,,0,1,
2026-08-18T05:42:59.288+00:00,1787031779.288763,191591.3525295,3.4086551000073086,send_error,10,96,0,0,0.0,0.0,191591.352526,,,,,,,0,robot_not_discovered
2026-08-18T05:42:59.424+00:00,1787031779.4248083,191591.4891066,3.5452322000055574,send_error,1,97,0,0,0.0,0.0,191591.4890966,,,,,,,0,robot_not_discovered
2026-08-18T05:42:59.430+00:00,1787031779.4301958,191591.4940729,3.55019850001554,sent,2,98,29,40,0.0,0.0,191591.4938316,191591.4939206,,,,,0,1,
2026-08-18T05:42:59.430+00:00,1787031779.4301958,191591.4945743,3.5506999000208452,sent,3,99,36,33,0.0,0.0,191591.4943926,191591.4944804,,,,,0,1,
2026-08-18T05:42:59.430+00:00,1787031779.4301958,191591.4946096,3.5507351999985985,send_error,10,100,0,0,0.0,0.0,191591.4946066,,,,,,,0,robot_not_discovered
2026-08-18T05:42:59.561+00:00,1787031779.5617943,191591.6257656,3.6818912000162527,send_error,1,101,0,0,0.0,0.0,191591.6257447,,,,,,,0,robot_not_discovered
2026-08-18T05:42:59.564+00:00,1787031779.564793,191591.6293103,3.6854358999989927,sent,2,102,31,38,0.0,0.0,191591.6290666,191591.6291492,,,,,0,1,
2026-08-18T05:42:59.565+00:00,1787031779.5657933,191591.6300384,3.6861640000133775,sent,3,103,36,33,0.0,0.0,191591.6297702,191591.6298812,,,,,0,1,
2026-08-18T05:42:59.565+00:00,1787031779.5657933,191591.6301109,3.6862365000124555,send_error,10,104,0,0,0.0,0.0,191591.6301074,,,,,,,0,robot_not_discovered
2026-08-18T05:42:59.703+00:00,1787031779.7033453,191591.7670853,3.823210900009144,send_error,1,105,0,0,0.0,0.0,191591.7670753,,,,,,,0,robot_not_discovered
2026-08-18T05:42:59.707+00:00,1787031779.707346,191591.771634,3.827759600011632,sent,2,106,32,37,0.0,0.0,191591.7713069,191591.7714572,,,,,0,1,
2026-08-18T05:42:59.708+00:00,1787031779.7083473,191591.7721279,3.828253500018036,sent,3,107,36,33,0.0,0.0,191591.7719425,191591.7720269,,,,,0,1,
2026-08-18T05:42:59.708+00:00,1787031779.7083473,191591.772165,3.8282906000094954,send_error,10,108,0,0,0.0,0.0,191591.7721617,,,,,,,0,robot_not_discovered
2026-08-18T05:42:59.836+00:00,1787031779.8366988,191591.900536,3.956661600008374,send_error,1,109,0,0,0.0,0.0,191591.9005121,,,,,,,0,robot_not_discovered
2026-08-18T05:42:59.840+00:00,1787031779.8406985,191591.9047137,3.9608393000089563,sent,2,110,34,35,0.0,0.0,191591.9044545,191591.9045488,,,,,0,1,
2026-08-18T05:42:59.840+00:00,1787031779.8406985,191591.9052518,3.961377400002675,sent,3,111,35,34,0.0,0.0,191591.9050738,191591.9051727,,,,,0,1,
2026-08-18T05:42:59.840+00:00,1787031779.8406985,191591.9052802,3.9614058000152,send_error,10,112,0,0,0.0,0.0,191591.9052775,,,,,,,0,robot_not_discovered
2026-08-18T05:42:59.973+00:00,1787031779.973685,191592.037824,4.093949600006454,send_error,1,113,0,0,0.0,0.0,191592.037813,,,,,,,0,robot_not_discovered
2026-08-18T05:42:59.978+00:00,1787031779.9786837,191592.0430481,4.099173700000392,sent,2,114,33,36,0.0,0.0,191592.042714,191592.0428487,,,,,0,1,
2026-08-18T05:42:59.979+00:00,1787031779.9796836,191592.0437704,4.099895999999717,sent,3,115,35,34,0.0,0.0,191592.0435694,191592.0436586,,,,,0,1,
2026-08-18T05:42:59.979+00:00,1787031779.9796836,191592.0438074,4.099933000019519,send_error,10,116,0,0,0.0,0.0,191592.0438043,,,,,,,0,robot_not_discovered
2026-08-18T05:43:00.118+00:00,1787031780.1186926,191592.1833618,4.239487400016515,send_error,1,117,0,0,0.0,0.0,191592.1833497,,,,,,,0,robot_not_discovered
2026-08-18T05:43:00.123+00:00,1787031780.1236928,191592.1880825,4.244208100019023,sent,2,118,32,37,0.0,0.0,191592.1878253,191592.1879144,,,,,0,1,
2026-08-18T05:43:00.124+00:00,1787031780.1246924,191592.1886574,4.244783000001917,sent,3,119,35,34,0.0,0.0,191592.188388,191592.1885264,,,,,0,1,
2026-08-18T05:43:00.124+00:00,1787031780.1246924,191592.188696,4.244821600004798,send_error,10,120,0,0,0.0,0.0,191592.188693,,,,,,,0,robot_not_discovered
2026-08-18T05:43:00.258+00:00,1787031780.2583761,191592.3227191,4.378844699996989,send_error,1,121,0,0,0.0,0.0,191592.322709,,,,,,,0,robot_not_discovered
2026-08-18T05:43:00.262+00:00,1787031780.2623208,191592.3267684,4.382894000009401,sent,2,122,32,37,0.0,0.0,191592.326482,191592.3265978,,,,,0,1,
2026-08-18T05:43:00.263+00:00,1787031780.2632859,191592.3272277,4.383353300014278,sent,3,123,35,34,0.0,0.0,191592.327091,191592.3271453,,,,,0,1,
2026-08-18T05:43:00.263+00:00,1787031780.2632859,191592.3272541,4.383379700011574,send_error,10,124,0,0,0.0,0.0,191592.3272515,,,,,,,0,robot_not_discovered
2026-08-18T05:43:00.393+00:00,1787031780.3937628,191592.4584362,4.5145617999951355,send_error,1,125,0,0,0.0,0.0,191592.4584267,,,,,,,0,robot_not_discovered
2026-08-18T05:43:00.397+00:00,1787031780.397763,191592.4619333,4.518058899993775,sent,2,126,33,36,0.0,0.0,191592.4616592,191592.4617633,,,,,0,1,
2026-08-18T05:43:00.397+00:00,1787031780.397763,191592.4624247,4.518550300010247,sent,3,127,35,34,0.0,0.0,191592.4622699,191592.4623345,,,,,0,1,
2026-08-18T05:43:00.397+00:00,1787031780.397763,191592.4624531,4.518578699993668,send_error,10,128,0,0,0.0,0.0,191592.462449,,,,,,,0,robot_not_discovered
2026-08-18T05:43:00.537+00:00,1787031780.5370069,191592.6009269,4.6570524999988265,send_error,1,129,0,0,0.0,0.0,191592.600916,,,,,,,0,robot_not_discovered
2026-08-18T05:43:00.540+00:00,1787031780.5409436,191592.6051809,4.661306499998318,sent,2,130,33,36,0.0,0.0,191592.6049201,191592.6050086,,,,,0,1,
2026-08-18T05:43:00.541+00:00,1787031780.5419436,191592.6056534,4.661779000016395,sent,3,131,35,34,0.0,0.0,191592.605515,191592.6055774,,,,,0,1,
2026-08-18T05:43:00.541+00:00,1787031780.5419436,191592.6056825,4.661808100005146,send_error,10,132,0,0,0.0,0.0,191592.6056799,,,,,,,0,robot_not_discovered
2026-08-18T05:43:00.672+00:00,1787031780.6723535,191592.73665,4.792775600013556,send_error,1,133,0,0,0.0,0.0,191592.7366393,,,,,,,0,robot_not_discovered
2026-08-18T05:43:00.676+00:00,1787031780.676391,191592.740109,4.796234600013122,sent,2,134,33,36,0.0,0.0,191592.7398447,191592.7399318,,,,,0,1,
2026-08-18T05:43:00.676+00:00,1787031780.676391,191592.740953,4.797078600007808,sent,3,135,34,35,0.0,0.0,191592.7405661,191592.7406569,,,,,0,1,
2026-08-18T05:43:00.676+00:00,1787031780.676391,191592.7409938,4.797119399998337,send_error,10,136,0,0,0.0,0.0,191592.740991,,,,,,,0,robot_not_discovered
2026-08-18T05:43:00.812+00:00,1787031780.8128128,191592.8768403,4.932965900021372,send_error,1,137,0,0,0.0,0.0,191592.8768084,,,,,,,0,robot_not_discovered
2026-08-18T05:43:00.817+00:00,1787031780.817814,191592.8819338,4.938059400010388,sent,2,138,34,35,0.0,0.0,191592.8815221,191592.8817225,,,,,0,1,
2026-08-18T05:43:00.818+00:00,1787031780.8188133,191592.8826951,4.93882070001564,sent,3,139,34,35,0.0,0.0,191592.8824921,191592.882589,,,,,0,1,
2026-08-18T05:43:00.818+00:00,1787031780.8188133,191592.8827419,4.938867499993648,send_error,10,140,0,0,0.0,0.0,191592.8827389,,,,,,,0,robot_not_discovered
2026-08-18T05:43:00.964+00:00,1787031780.964458,191593.0290485,5.085174100007862,send_error,1,141,0,0,0.0,0.0,191593.029038,,,,,,,0,robot_not_discovered
2026-08-18T05:43:00.971+00:00,1787031780.971458,191593.0353206,5.09144620000734,sent,2,142,33,36,0.0,0.0,191593.0348503,191593.0349934,,,,,0,1,
2026-08-18T05:43:00.971+00:00,1787031780.971458,191593.0361206,5.092246200016234,sent,3,143,34,35,0.0,0.0,191593.0359147,191593.0360132,,,,,0,1,
2026-08-18T05:43:00.972+00:00,1787031780.9724593,191593.0361568,5.09228240000084,send_error,10,144,0,0,0.0,0.0,191593.036154,,,,,,,0,robot_not_discovered
2026-08-18T05:43:01.107+00:00,1787031781.107008,191593.1715237,5.2276493000099435,send_error,1,145,0,0,0.0,0.0,191593.1714883,,,,,,,0,robot_not_discovered
2026-08-18T05:43:01.112+00:00,1787031781.1120176,191593.1760387,5.232164300017757,sent,2,146,33,36,0.0,0.0,191593.1758368,191593.1759359,,,,,0,1,
2026-08-18T05:43:01.112+00:00,1787031781.1120176,191593.1765274,5.23265300001367,sent,3,147,34,35,0.0,0.0,191593.1763906,191593.176451,,,,,0,1,
2026-08-18T05:43:01.112+00:00,1787031781.1120176,191593.1765549,5.232680500019342,send_error,10,148,0,0,0.0,0.0,191593.1765523,,,,,,,0,robot_not_discovered
2026-08-18T05:43:01.265+00:00,1787031781.265093,191593.3296218,5.385747399996035,send_error,1,149,0,0,0.0,0.0,191593.3296119,,,,,,,0,robot_not_discovered
2026-08-18T05:43:01.275+00:00,1787031781.2750616,191593.3388912,5.395016800001031,sent,2,150,45,24,0.0,0.0,191593.3381374,191593.3384631,,,,,0,1,
2026-08-18T05:43:01.276+00:00,1787031781.2760632,191593.3406709,5.3967965000192635,sent,3,151,47,22,0.0,0.0,191593.3399411,191593.3401456,,,,,0,1,
2026-08-18T05:43:01.277+00:00,1787031781.2770636,191593.3407729,5.396898500010138,send_error,10,152,0,0,0.0,0.0,191593.3407677,,,,,,,0,robot_not_discovered
2026-08-18T05:43:01.416+00:00,1787031781.416069,191593.480369,5.5364946000045165,send_error,1,153,0,0,0.0,0.0,191593.4803439,,,,,,,0,robot_not_discovered
2026-08-18T05:43:01.422+00:00,1787031781.4220722,191593.4865833,5.542708900000434,sent,2,154,55,-18,0.0,0.0,191593.4857566,191593.4860992,,,,,0,1,
2026-08-18T05:43:01.424+00:00,1787031781.4240644,191593.4881607,5.544286300020758,sent,3,155,47,-22,0.0,0.0,191593.4876763,191593.4878449,,,,,0,1,
2026-08-18T05:43:01.424+00:00,1787031781.4240644,191593.488268,5.544393599993782,send_error,10,156,0,0,0.0,0.0,191593.4882617,,,,,,,0,robot_not_discovered
2026-08-18T05:43:01.570+00:00,1787031781.5701983,191593.6344687,5.690594300016528,send_error,1,157,0,0,0.0,0.0,191593.6344458,,,,,,,0,robot_not_discovered
2026-08-18T05:43:01.576+00:00,1787031781.5761914,191593.6402509,5.696376500010956,sent,2,158,40,1,0.0,0.0,191593.639994,191593.6400828,,,,,0,1,
2026-08-18T05:43:01.576+00:00,1787031781.5761914,191593.6407866,5.696912200015504,sent,3,159,37,-18,0.0,0.0,191593.6406127,191593.6406964,,,,,0,1,
2026-08-18T05:43:01.576+00:00,1787031781.5761914,191593.6408187,5.696944299997995,send_error,10,160,0,0,0.0,0.0,191593.6408154,,,,,,,0,robot_not_discovered
2026-08-18T05:43:01.718+00:00,1787031781.7184544,191593.7829344,5.839059999998426,send_error,1,161,0,0,0.0,0.0,191593.7829118,,,,,,,0,robot_not_discovered
2026-08-18T05:43:01.724+00:00,1787031781.7244537,191593.7889574,5.845082999992883,sent,2,162,40,18,0.0,0.0,191593.7885746,191593.7888265,,,,,0,1,
2026-08-18T05:43:01.725+00:00,1787031781.725455,191593.7897836,5.84590919999755,sent,3,163,35,18,0.0,0.0,191593.7895132,191593.7896246,,,,,0,1,
2026-08-18T05:43:01.725+00:00,1787031781.725455,191593.7898467,5.845972300012363,send_error,10,164,0,0,0.0,0.0,191593.7898439,,,,,,,0,robot_not_discovered
2026-08-18T05:43:01.870+00:00,1787031781.8708482,191593.9346922,5.990817800018704,send_error,1,165,0,0,0.0,0.0,191593.9346799,,,,,,,0,robot_not_discovered
2026-08-18T05:43:01.874+00:00,1787031781.8748486,191593.938732,5.994857600016985,sent,2,166,40,18,0.0,0.0,191593.9385004,191593.9386143,,,,,0,1,
2026-08-18T05:43:01.874+00:00,1787031781.8748486,191593.9392589,5.995384500012733,sent,3,167,38,18,0.0,0.0,191593.9390915,191593.9391609,,,,,0,1,
2026-08-18T05:43:01.874+00:00,1787031781.8748486,191593.9392897,5.995415300014429,send_error,10,168,0,0,0.0,0.0,191593.9392871,,,,,,,0,robot_not_discovered
2026-08-18T05:43:02.018+00:00,1787031782.0189092,191594.08331,6.139435599994613,send_error,1,169,0,0,0.0,0.0,191594.0832986,,,,,,,0,robot_not_discovered
2026-08-18T05:43:02.024+00:00,1787031782.0249045,191594.0887379,6.144863499997882,sent,2,170,40,20,0.0,0.0,191594.088055,191594.0883181,,,,,0,1,
2026-08-18T05:43:02.025+00:00,1787031782.025912,191594.0901851,6.146310700016329,sent,3,171,41,25,0.0,0.0,191594.0899149,191594.0900629,,,,,0,1,
2026-08-18T05:43:02.025+00:00,1787031782.025912,191594.0902197,6.146345300017856,send_error,10,172,0,0,0.0,0.0,191594.0902164,,,,,,,0,robot_not_discovered
2026-08-18T05:43:02.154+00:00,1787031782.154541,191594.2183361,6.2744616999989375,send_error,1,173,0,0,0.0,0.0,191594.2183267,,,,,,,0,robot_not_discovered
2026-08-18T05:43:02.163+00:00,1787031782.1635537,191594.2274758,6.283601400005864,sent,2,174,36,33,0.0,0.0,191594.2267717,191594.2269623,,,,,0,1,
2026-08-18T05:43:02.164+00:00,1787031782.164546,191594.2288807,6.285006299993256,sent,3,175,40,29,0.0,0.0,191594.2281266,191594.228256,,,,,0,1,
2026-08-18T05:43:02.164+00:00,1787031782.164546,191594.2289437,6.285069300007308,send_error,10,176,0,0,0.0,0.0,191594.2289403,,,,,,,0,robot_not_discovered
2026-08-18T05:43:02.294+00:00,1787031782.2945118,191594.358272,6.4143976000195835,send_error,1,177,0,0,0.0,0.0,191594.3582324,,,,,,,0,robot_not_discovered
2026-08-18T05:43:02.299+00:00,1787031782.2992423,191594.3634401,6.419565699994564,sent,2,178,38,31,0.0,0.0,191594.3631992,191594.3632942,,,,,0,1,
2026-08-18T05:43:02.299+00:00,1787031782.3002505,191594.3639036,6.420029200002318,sent,3,179,42,27,0.0,0.0,191594.3637668,191594.3638305,,,,,0,1,
2026-08-18T05:43:02.300+00:00,1787031782.3002505,191594.363935,6.420060600008583,send_error,10,180,0,0,0.0,0.0,191594.3639322,,,,,,,0,robot_not_discovered
2026-08-18T05:43:02.435+00:00,1787031782.4354308,191594.4999525,6.55607809999492,send_error,1,181,0,0,0.0,0.0,191594.4999418,,,,,,,0,robot_not_discovered
2026-08-18T05:43:02.439+00:00,1787031782.4394221,191594.5035077,6.559633299999405,sent,2,182,40,29,0.0,0.0,191594.5032627,191594.5033471,,,,,0,1,
2026-08-18T05:43:02.440+00:00,1787031782.440424,191594.5042973,6.56042290001642,sent,3,183,39,30,0.0,0.0,191594.5039036,191594.5040383,,,,,0,1,
2026-08-18T05:43:02.440+00:00,1787031782.440424,191594.5043622,6.560487800015835,send_error,10,184,0,0,0.0,0.0,191594.5043574,,,,,,,0,robot_not_discovered
2026-08-18T05:43:02.579+00:00,1787031782.5796747,191594.6434075,6.699533100007102,send_error,1,185,0,0,0.0,0.0,191594.6433779,,,,,,,0,robot_not_discovered
2026-08-18T05:43:02.583+00:00,1787031782.5836914,191594.6475329,6.7036585000169,sent,2,186,37,32,0.0,0.0,191594.6471634,191594.6473608,,,,,0,1,
2026-08-18T05:43:02.583+00:00,1787031782.5836914,191594.648177,6.704302600002848,sent,3,187,40,29,0.0,0.0,191594.6480195,191594.6480968,,,,,0,1,
2026-08-18T05:43:02.583+00:00,1787031782.5836914,191594.6482054,6.704331000015372,send_error,10,188,0,0,0.0,0.0,191594.6482028,,,,,,,0,robot_not_discovered
2026-08-18T05:43:02.722+00:00,1787031782.7225256,191594.7864041,6.8425297000212595,send_error,1,189,0,0,0.0,0.0,191594.7863943,,,,,,,0,robot_not_discovered
2026-08-18T05:43:02.726+00:00,1787031782.7265298,191594.7905921,6.8467177000129595,sent,2,190,32,37,0.0,0.0,191594.7903258,191594.7903435,,,,,0,1,
2026-08-18T05:43:02.726+00:00,1787031782.7265298,191594.7911443,6.847269899997627,sent,3,191,39,30,0.0,0.0,191594.7909315,191594.7910301,,,,,0,1,
2026-08-18T05:43:02.727+00:00,1787031782.7275255,191594.7911797,6.847305300005246,send_error,10,192,0,0,0.0,0.0,191594.7911766,,,,,,,0,robot_not_discovered
2026-08-18T05:43:02.861+00:00,1787031782.8616517,191594.9260171,6.982142699998803,send_error,1,193,0,0,0.0,0.0,191594.9260059,,,,,,,0,robot_not_discovered
2026-08-18T05:43:02.866+00:00,1787031782.8666525,191594.9304851,6.986610699997982,sent,2,194,31,38,0.0,0.0,191594.9302835,191594.9303906,,,,,0,1,
2026-08-18T05:43:02.866+00:00,1787031782.8666525,191594.9309709,6.987096500000916,sent,3,195,36,33,0.0,0.0,191594.9308306,191594.9309106,,,,,0,1,
2026-08-18T05:43:02.866+00:00,1787031782.8666525,191594.9310028,6.987128400010988,send_error,10,196,0,0,0.0,0.0,191594.9310001,,,,,,,0,robot_not_discovered
2026-08-18T05:43:03.015+00:00,1787031783.0151289,191595.0789765,7.13510210000095,send_error,1,197,0,0,0.0,0.0,191595.0789674,,,,,,,0,robot_not_discovered
2026-08-18T05:43:03.020+00:00,1787031783.0201225,191595.0839108,7.140036400000099,sent,2,198,35,34,0.0,0.0,191595.0837023,191595.0838162,,,,,0,1,
2026-08-18T05:43:03.020+00:00,1787031783.0201225,191595.0844328,7.140558400016744,sent,3,199,37,32,0.0,0.0,191595.0842767,191595.0843571,,,,,0,1,
2026-08-18T05:43:03.020+00:00,1787031783.0201225,191595.0844706,7.140596200013533,send_error,10,200,0,0,0.0,0.0,191595.0844674,,,,,,,0,robot_not_discovered
2026-08-18T05:43:03.155+00:00,1787031783.1557596,191595.2198735,7.27599910000572,send_error,1,201,0,0,0.0,0.0,191595.2198294,,,,,,,0,robot_not_discovered
2026-08-18T05:43:03.162+00:00,1787031783.1627672,191595.2272568,7.283382399997208,sent,2,202,33,36,0.0,0.0,191595.2267621,191595.226902,,,,,0,1,
2026-08-18T05:43:03.163+00:00,1787031783.163762,191595.2280993,7.284224900009576,sent,3,203,35,34,0.0,0.0,191595.227837,191595.2279321,,,,,0,1,
2026-08-18T05:43:03.163+00:00,1787031783.163762,191595.2281627,7.28428829999757,send_error,10,204,0,0,0.0,0.0,191595.2281584,,,,,,,0,robot_not_discovered
2026-08-18T05:43:03.297+00:00,1787031783.2976205,191595.3618421,7.417967700021109,send_error,1,205,0,0,0.0,0.0,191595.3618331,,,,,,,0,robot_not_discovered
2026-08-18T05:43:03.302+00:00,1787031783.3029885,191595.3672125,7.423338099993998,sent,2,206,31,38,0.0,0.0,191595.3669142,191595.3670221,,,,,0,1,
2026-08-18T05:43:03.303+00:00,1787031783.3039932,191595.3677361,7.423861699993722,sent,3,207,29,40,0.0,0.0,191595.3674921,191595.3675665,,,,,0,1,
2026-08-18T05:43:03.303+00:00,1787031783.3039932,191595.3677967,7.423922300018603,send_error,10,208,0,0,0.0,0.0,191595.3677936,,,,,,,0,robot_not_discovered
2026-08-18T05:43:03.441+00:00,1787031783.441141,191595.5053161,7.561441700003343,send_error,1,209,0,0,0.0,0.0,191595.5053053,,,,,,,0,robot_not_discovered
2026-08-18T05:43:03.445+00:00,1787031783.4451408,191595.5089823,7.565107900009025,sent,2,210,32,37,0.0,0.0,191595.5087565,191595.5088627,,,,,0,1,
2026-08-18T05:43:03.445+00:00,1787031783.4451408,191595.5094433,7.565568899997743,sent,3,211,27,42,0.0,0.0,191595.5093063,191595.5093681,,,,,0,1,
2026-08-18T05:43:03.445+00:00,1787031783.4451408,191595.5094745,7.565600100002484,send_error,10,212,0,0,0.0,0.0,191595.5094719,,,,,,,0,robot_not_discovered
2026-08-18T05:43:03.579+00:00,1787031783.5794327,191595.6436319,7.699757499998668,send_error,1,213,0,0,0.0,0.0,191595.6436094,,,,,,,0,robot_not_discovered
2026-08-18T05:43:03.583+00:00,1787031783.583433,191595.6475783,7.703703900013352,sent,2,214,32,37,0.0,0.0,191595.6473789,191595.6474812,,,,,0,1,
2026-08-18T05:43:03.583+00:00,1787031783.5844266,191595.6480435,7.704169100004947,sent,3,215,31,38,0.0,0.0,191595.6478904,191595.6479758,,,,,0,1,
2026-08-18T05:43:03.584+00:00,1787031783.5844266,191595.6480714,7.704197000013664,send_error,10,216,0,0,0.0,0.0,191595.6480686,,,,,,,0,robot_not_discovered
2026-08-18T05:43:03.732+00:00,1787031783.7329307,191595.7969191,7.853044699993916,send_error,1,217,0,0,0.0,0.0,191595.7969026,,,,,,,0,robot_not_discovered
2026-08-18T05:43:03.736+00:00,1787031783.7369385,191595.8013226,7.857448199996725,sent,2,218,32,37,0.0,0.0,191595.8010057,191595.8011111,,,,,0,1,
2026-08-18T05:43:03.737+00:00,1787031783.7379317,191595.8018581,7.85798369999975,sent,3,219,29,40,0.0,0.0,191595.801659,191595.8017419,,,,,0,1,
2026-08-18T05:43:03.737+00:00,1787031783.7379317,191595.8018955,7.858021099993493,send_error,10,220,0,0,0.0,0.0,191595.8018924,,,,,,,0,robot_not_discovered
2026-08-18T05:43:03.876+00:00,1787031783.87656,191595.9402956,7.99642120001954,send_error,1,221,0,0,0.0,0.0,191595.940285,,,,,,,0,robot_not_discovered
2026-08-18T05:43:03.880+00:00,1787031783.8805606,191595.9447435,8.000869100011187,sent,2,222,32,37,0.0,0.0,191595.944479,191595.9445715,,,,,0,1,
2026-08-18T05:43:03.881+00:00,1787031783.88156,191595.9452467,8.001372300001094,sent,3,223,31,38,0.0,0.0,191595.9450604,191595.9451481,,,,,0,1,
2026-08-18T05:43:03.881+00:00,1787031783.88156,191595.94528,8.001405600021826,send_error,10,224,0,0,0.0,0.0,191595.9452771,,,,,,,0,robot_not_discovered
2026-08-18T05:43:04.018+00:00,1787031784.0188785,191596.083246,8.13937160000205,send_error,1,225,0,0,0.0,0.0,191596.0832359,,,,,,,0,robot_not_discovered
2026-08-18T05:43:04.023+00:00,1787031784.0238738,191596.0877451,8.143870700005209,sent,2,226,32,37,0.0,0.0,191596.0873022,191596.0874737,,,,,0,1,
2026-08-18T05:43:04.024+00:00,1787031784.0248728,191596.0890203,8.145145899994532,sent,3,227,31,38,0.0,0.0,191596.0888262,191596.0889332,,,,,0,1,
2026-08-18T05:43:04.024+00:00,1787031784.0248728,191596.0890529,8.145178500009933,send_error,10,228,0,0,0.0,0.0,191596.0890499,,,,,,,0,robot_not_discovered
2026-08-18T05:43:04.160+00:00,1787031784.1602886,191596.2240525,8.280178100016201,send_error,1,229,0,0,0.0,0.0,191596.2240436,,,,,,,0,robot_not_discovered
2026-08-18T05:43:04.164+00:00,1787031784.1642828,191596.2285021,8.284627700020792,sent,2,230,18,51,0.0,0.0,191596.2282283,191596.2283381,,,,,0,1,
2026-08-18T05:43:04.165+00:00,1787031784.165283,191596.228988,8.285113599995384,sent,3,231,18,52,0.0,0.0,191596.2288164,191596.2289008,,,,,0,1,
2026-08-18T05:43:04.165+00:00,1787031784.165283,191596.2290152,8.285140799998771,send_error,10,232,0,0,0.0,0.0,191596.2290128,,,,,,,0,robot_not_discovered
2026-08-18T05:43:04.293+00:00,1787031784.2930107,191596.3572813,8.413406900013797,send_error,1,233,0,0,0.0,0.0,191596.3572715,,,,,,,0,robot_not_discovered
2026-08-18T05:43:04.299+00:00,1787031784.2990146,191596.3635105,8.419636100006755,sent,2,234,18,60,0.0,0.0,191596.3633019,191596.3633198,,,,,0,1,
2026-08-18T05:43:04.300+00:00,1787031784.3000004,191596.3639373,8.420062899996992,sent,3,235,18,61,0.0,0.0,191596.363793,191596.363863,,,,,0,1,
2026-08-18T05:43:04.300+00:00,1787031784.3000004,191596.3639661,8.420091700012563,send_error,10,236,0,0,0.0,0.0,191596.3639636,,,,,,,0,robot_not_discovered
2026-08-18T05:43:04.429+00:00,1787031784.4292638,191596.4934984,8.549624000006588,send_error,1,237,0,0,0.0,0.0,191596.4934877,,,,,,,0,robot_not_discovered
2026-08-18T05:43:04.433+00:00,1787031784.4337945,191596.4977814,8.55390699999407,sent,2,238,25,44,0.0,0.0,191596.4972305,191596.4973564,,,,,0,1,
2026-08-18T05:43:04.434+00:00,1787031784.4347885,191596.4985806,8.554706199996872,sent,3,239,26,43,0.0,0.0,191596.4983927,191596.4984958,,,,,0,1,
2026-08-18T05:43:04.434+00:00,1787031784.4347885,191596.498612,8.554737600003136,send_error,10,240,0,0,0.0,0.0,191596.4986087,,,,,,,0,robot_not_discovered
2026-08-18T05:43:04.565+00:00,1787031784.5656416,191596.6293822,8.685507799993502,send_error,1,241,0,0,0.0,0.0,191596.6293715,,,,,,,0,robot_not_discovered
2026-08-18T05:43:04.569+00:00,1787031784.5690925,191596.6334203,8.689545900007943,sent,2,242,26,43,0.0,0.0,191596.6331451,191596.6332479,,,,,0,1,
2026-08-18T05:43:04.570+00:00,1787031784.5701265,191596.6339177,8.690043300011894,sent,3,243,27,42,0.0,0.0,191596.6337271,191596.633809,,,,,0,1,
2026-08-18T05:43:04.570+00:00,1787031784.5701265,191596.6339514,8.690077000006568,send_error,10,244,0,0,0.0,0.0,191596.6339486,,,,,,,0,robot_not_discovered
2026-08-18T05:43:04.695+00:00,1787031784.6959743,191596.7597035,8.815829099999974,send_error,1,245,0,0,0.0,0.0,191596.7596904,,,,,,,0,robot_not_discovered
2026-08-18T05:43:04.699+00:00,1787031784.699968,191596.7640302,8.820155800000066,sent,2,246,27,42,0.0,0.0,191596.7637714,191596.7638607,,,,,0,1,
2026-08-18T05:43:04.699+00:00,1787031784.699968,191596.7645289,8.820654500013916,sent,3,247,32,37,0.0,0.0,191596.7643856,191596.7644552,,,,,0,1,
2026-08-18T05:43:04.699+00:00,1787031784.700968,191596.7645549,8.820680500008166,send_error,10,248,0,0,0.0,0.0,191596.7645525,,,,,,,0,robot_not_discovered
2026-08-18T05:43:04.836+00:00,1787031784.8369865,191596.9014543,8.957579900015844,send_error,1,249,0,0,0.0,0.0,191596.9014443,,,,,,,0,robot_not_discovered
2026-08-18T05:43:04.840+00:00,1787031784.8407323,191596.904861,8.960986599995522,sent,2,250,27,42,0.0,0.0,191596.9046156,191596.9046929,,,,,0,1,
2026-08-18T05:43:04.840+00:00,1787031784.8407323,191596.9053235,8.961449099995662,sent,3,251,31,38,0.0,0.0,191596.9051496,191596.9052352,,,,,0,1,
2026-08-18T05:43:04.841+00:00,1787031784.8417425,191596.9053534,8.961479000019608,send_error,10,252,0,0,0.0,0.0,191596.9053507,,,,,,,0,robot_not_discovered
2026-08-18T05:43:04.977+00:00,1787031784.9779959,191597.041821,9.097946599998977,send_error,1,253,0,0,0.0,0.0,191597.0418113,,,,,,,0,robot_not_discovered
2026-08-18T05:43:04.982+00:00,1787031784.982143,191597.0461462,9.102271800016752,sent,2,254,27,42,0.0,0.0,191597.0454155,191597.0454439,,,,,0,1,
2026-08-18T05:43:04.983+00:00,1787031784.9831414,191597.0475468,9.103672400000505,sent,3,255,31,38,0.0,0.0,191597.0472296,191597.0473476,,,,,0,1,
2026-08-18T05:43:04.983+00:00,1787031784.9831414,191597.0475809,9.103706499998225,send_error,10,256,0,0,0.0,0.0,191597.047578,,,,,,,0,robot_not_discovered
2026-08-18T05:43:05.112+00:00,1787031785.1122599,191597.1759492,9.232074800005648,send_error,1,257,0,0,0.0,0.0,191597.1759396,,,,,,,0,robot_not_discovered
2026-08-18T05:43:05.116+00:00,1787031785.1162596,191597.1803545,9.23648009999306,sent,2,258,29,40,0.0,0.0,191597.180133,191597.1802344,,,,,0,1,
2026-08-18T05:43:05.117+00:00,1787031785.1172636,191597.181033,9.237158600008115,sent,3,259,31,38,0.0,0.0,191597.1808165,191597.1809223,,,,,0,1,
2026-08-18T05:43:05.117+00:00,1787031785.1172636,191597.1810657,9.237191299995175,send_error,10,260,0,0,0.0,0.0,191597.181063,,,,,,,0,robot_not_discovered
2026-08-18T05:43:05.254+00:00,1787031785.2541118,191597.3184475,9.374573100009002,send_error,1,261,0,0,0.0,0.0,191597.3184384,,,,,,,0,robot_not_discovered
2026-08-18T05:43:05.258+00:00,1787031785.2581108,191597.3222234,9.378349000005983,sent,2,262,33,36,0.0,0.0,191597.3220387,191597.3221225,,,,,0,1,
2026-08-18T05:43:05.258+00:00,1787031785.2581108,191597.3226363,9.378761900006793,sent,3,263,30,39,0.0,0.0,191597.3224963,191597.3225728,,,,,0,1,
2026-08-18T05:43:05.258+00:00,1787031785.2581108,191597.3226632,9.378788800007896,send_error,10,264,0,0,0.0,0.0,191597.3226607,,,,,,,0,robot_not_discovered
2026-08-18T05:43:05.412+00:00,1787031785.412438,191597.4765557,9.532681300013792,send_error,1,265,0,0,0.0,0.0,191597.4765436,,,,,,,0,robot_not_discovered
2026-08-18T05:43:05.422+00:00,1787031785.422443,191597.4865309,9.542656500008889,sent,2,266,29,40,0.0,0.0,191597.4862686,191597.4863774,,,,,0,1,
2026-08-18T05:43:05.423+00:00,1787031785.4234369,191597.4872045,9.543330100015737,sent,3,267,30,39,0.0,0.0,191597.4869741,191597.4870613,,,,,0,1,
2026-08-18T05:43:05.423+00:00,1787031785.4234369,191597.4872342,9.543359800009057,send_error,10,268,0,0,0.0,0.0,191597.4872315,,,,,,,0,robot_not_discovered
2026-08-18T05:43:05.554+00:00,1787031785.5546937,191597.6186347,9.674760299996706,send_error,1,269,0,0,0.0,0.0,191597.618624,,,,,,,0,robot_not_discovered
2026-08-18T05:43:05.562+00:00,1787031785.562691,191597.6263959,9.682521500013536,sent,2,270,30,39,0.0,0.0,191597.6251566,191597.6256492,,,,,0,1,
2026-08-18T05:43:05.563+00:00,1787031785.5636904,191597.6278344,9.68395999999484,sent,3,271,30,39,0.0,0.0,191597.627595,191597.6277136,,,,,0,1,
2026-08-18T05:43:05.563+00:00,1787031785.5636904,191597.6278649,9.683990499994252,send_error,10,272,0,0,0.0,0.0,191597.6278623,,,,,,,0,robot_not_discovered
2026-08-18T05:43:05.700+00:00,1787031785.7004223,191597.7642162,9.820341800019378,send_error,1,273,0,0,0.0,0.0,191597.7642066,,,,,,,0,robot_not_discovered
2026-08-18T05:43:05.705+00:00,1787031785.705426,191597.7699096,9.826035200007027,sent,2,274,31,38,0.0,0.0,191597.7692937,191597.7694415,,,,,0,1,
2026-08-18T05:43:05.707+00:00,1787031785.7074153,191597.7710005,9.827126100019086,sent,3,275,30,39,0.0,0.0,191597.7706519,191597.7707735,,,,,0,1,
2026-08-18T05:43:05.707+00:00,1787031785.7074153,191597.7710597,9.827185300004203,send_error,10,276,0,0,0.0,0.0,191597.7710552,,,,,,,0,robot_not_discovered
2026-08-18T05:43:05.839+00:00,1787031785.8399284,191597.9042182,9.960343800019473,send_error,1,277,0,0,0.0,0.0,191597.904209,,,,,,,0,robot_not_discovered
2026-08-18T05:43:05.843+00:00,1787031785.843926,191597.9081376,9.964263200003188,sent,2,278,30,39,0.0,0.0,191597.9078324,191597.9079383,,,,,0,1,
2026-08-18T05:43:05.844+00:00,1787031785.8449225,191597.9090328,9.965158400009386,sent,3,279,29,40,0.0,0.0,191597.9084611,191597.9087571,,,,,0,1,
2026-08-18T05:43:05.844+00:00,1787031785.8449225,191597.9090699,9.965195500000846,send_error,10,280,0,0,0.0,0.0,191597.9090665,,,,,,,0,robot_not_discovered
2026-08-18T05:43:05.978+00:00,1787031785.9788556,191598.0470133,10.10313890001271,send_error,1,281,0,0,0.0,0.0,191598.0470026,,,,,,,0,robot_not_discovered
2026-08-18T05:43:05.978+00:00,1787031785.9788556,191598.0512143,10.107339900016086,sent,2,282,29,40,0.0,0.0,191598.0509477,191598.0511048,,,,,0,1,
2026-08-18T05:43:05.978+00:00,1787031785.9788556,191598.0518503,10.107975899998564,sent,3,283,28,41,0.0,0.0,191598.0516506,191598.0517375,,,,,0,1,
2026-08-18T05:43:05.978+00:00,1787031785.9788556,191598.0518902,10.108015800011344,send_error,10,284,0,0,0.0,0.0,191598.0518864,,,,,,,0,robot_not_discovered
2026-08-18T05:43:06.124+00:00,1787031786.1240897,191598.1880113,10.24413690000074,send_error,1,285,0,0,0.0,0.0,191598.1879698,,,,,,,0,robot_not_discovered
2026-08-18T05:43:06.129+00:00,1787031786.1290698,191598.1930479,10.249173499993049,sent,2,286,29,40,0.0,0.0,191598.1927652,191598.1928756,,,,,0,1,
2026-08-18T05:43:06.129+00:00,1787031786.1290698,191598.1936011,10.249726700014435,sent,3,287,29,40,0.0,0.0,191598.193408,191598.1934888,,,,,0,1,
2026-08-18T05:43:06.130+00:00,1787031786.1300678,191598.1936331,10.249758699996164,send_error,10,288,0,0,0.0,0.0,191598.1936304,,,,,,,0,robot_not_discovered
2026-08-18T05:43:06.263+00:00,1787031786.2632842,191598.3277254,10.383851000020513,send_error,1,289,0,0,0.0,0.0,191598.3277152,,,,,,,0,robot_not_discovered
2026-08-18T05:43:06.267+00:00,1787031786.2672489,191598.3314829,10.387608499993803,sent,2,290,29,40,0.0,0.0,191598.3311895,191598.3312943,,,,,0,1,
2026-08-18T05:43:06.268+00:00,1787031786.2682464,191598.3320765,10.388202100002673,sent,3,291,29,40,0.0,0.0,191598.3318251,191598.3319336,,,,,0,1,
2026-08-18T05:43:06.268+00:00,1787031786.2682464,191598.3321112,10.388236800004961,send_error,10,292,0,0,0.0,0.0,191598.3321085,,,,,,,0,robot_not_discovered
2026-08-18T05:43:06.410+00:00,1787031786.410787,191598.4752659,10.531391500000609,send_error,1,293,0,0,0.0,0.0,191598.475254,,,,,,,0,robot_not_discovered
2026-08-18T05:43:06.415+00:00,1787031786.4157794,191598.4799484,10.536074000003282,sent,2,294,29,40,0.0,0.0,191598.4797431,191598.4797623,,,,,0,1,
2026-08-18T05:43:06.416+00:00,1787031786.4167798,191598.4809012,10.537026800011517,sent,3,295,29,40,0.0,0.0,191598.4805075,191598.4807711,,,,,0,1,
2026-08-18T05:43:06.416+00:00,1787031786.4167798,191598.4809558,10.537081400019815,send_error,10,296,0,0,0.0,0.0,191598.480953,,,,,,,0,robot_not_discovered
2026-08-18T05:43:06.543+00:00,1787031786.5439947,191598.6079823,10.664107899996452,send_error,1,297,0,0,0.0,0.0,191598.6079608,,,,,,,0,robot_not_discovered
2026-08-18T05:43:06.547+00:00,1787031786.5479484,191598.6121376,10.668263200001093,sent,2,298,29,40,0.0,0.0,191598.6118755,191598.6119634,,,,,0,1,
2026-08-18T05:43:06.548+00:00,1787031786.5489619,191598.6127381,10.668863700004295,sent,3,299,29,40,0.0,0.0,191598.6125511,191598.6126486,,,,,0,1,
2026-08-18T05:43:06.548+00:00,1787031786.5489619,191598.612774,10.66889960001572,send_error,10,300,0,0,0.0,0.0,191598.6127705,,,,,,,0,robot_not_discovered
2026-08-18T05:43:06.693+00:00,1787031786.6937008,191598.7573481,10.81347370002186,send_error,1,301,0,0,0.0,0.0,191598.7573369,,,,,,,0,robot_not_discovered
2026-08-18T05:43:06.697+00:00,1787031786.6976943,191598.7620832,10.8182088000176,sent,2,302,29,40,0.0,0.0,191598.7618188,191598.7618998,,,,,0,1,
2026-08-18T05:43:06.698+00:00,1787031786.6986947,191598.7626615,10.81878709999728,sent,3,303,29,40,0.0,0.0,191598.7624591,191598.7625684,,,,,0,1,
2026-08-18T05:43:06.698+00:00,1787031786.6986947,191598.762692,10.818817599996692,send_error,10,304,0,0,0.0,0.0,191598.7626894,,,,,,,0,robot_not_discovered
2026-08-18T05:43:06.828+00:00,1787031786.8281715,191598.8917784,10.947904000000563,send_error,1,305,0,0,0.0,0.0,191598.8917697,,,,,,,0,robot_not_discovered
2026-08-18T05:43:06.831+00:00,1787031786.8311784,191598.8956233,10.951748899999075,sent,2,306,29,40,0.0,0.0,191598.8953663,191598.8954458,,,,,0,1,
2026-08-18T05:43:06.832+00:00,1787031786.8321733,191598.8961077,10.952233300020453,sent,3,307,29,40,0.0,0.0,191598.8959256,191598.896022,,,,,0,1,
2026-08-18T05:43:06.832+00:00,1787031786.8321733,191598.8961352,10.95226079999702,send_error,10,308,0,0,0.0,0.0,191598.8961326,,,,,,,0,robot_not_discovered
2026-08-18T05:43:06.974+00:00,1787031786.9749687,191599.0389198,11.095045399997616,send_error,1,309,0,0,0.0,0.0,191599.0389088,,,,,,,0,robot_not_discovered
2026-08-18T05:43:06.979+00:00,1787031786.9790115,191599.0427953,11.098920899996301,sent,2,310,29,40,0.0,0.0,191599.0424561,191599.0425965,,,,,0,1,
2026-08-18T05:43:06.979+00:00,1787031786.9790115,191599.0432643,11.099389900016831,sent,3,311,29,40,0.0,0.0,191599.0431181,191599.0431845,,,,,0,1,
2026-08-18T05:43:06.979+00:00,1787031786.9790115,191599.0432907,11.099416300014127,send_error,10,312,0,0,0.0,0.0,191599.0432881,,,,,,,0,robot_not_discovered
2026-08-18T05:43:07.106+00:00,1787031787.1061614,191599.1702996,11.226425200002268,send_error,1,313,0,0,0.0,0.0,191599.1702754,,,,,,,0,robot_not_discovered
2026-08-18T05:43:07.110+00:00,1787031787.1100638,191599.1741983,11.230323900002986,sent,2,314,29,40,0.0,0.0,191599.1739082,191599.1740125,,,,,0,1,
2026-08-18T05:43:07.111+00:00,1787031787.1110632,191599.1746725,11.230798100004904,sent,3,315,29,40,0.0,0.0,191599.1744906,191599.1745765,,,,,0,1,
2026-08-18T05:43:07.111+00:00,1787031787.1110632,191599.1747079,11.230833500012523,send_error,10,316,0,0,0.0,0.0,191599.1747051,,,,,,,0,robot_not_discovered
2026-08-18T05:43:07.247+00:00,1787031787.2474263,191599.3115258,11.3676514000108,send_error,1,317,0,0,0.0,0.0,191599.3115158,,,,,,,0,robot_not_discovered
2026-08-18T05:43:07.252+00:00,1787031787.2524214,191599.3160578,11.372183400002541,sent,2,318,28,41,0.0,0.0,191599.3154547,191599.3157237,,,,,0,1,
2026-08-18T05:43:07.253+00:00,1787031787.2534204,191599.3173063,11.373431900021387,sent,3,319,29,40,0.0,0.0,191599.3170866,191599.317124,,,,,0,1,
2026-08-18T05:43:07.253+00:00,1787031787.2534204,191599.3173473,11.37347290001344,send_error,10,320,0,0,0.0,0.0,191599.317344,,,,,,,0,robot_not_discovered
2026-08-18T05:43:07.390+00:00,1787031787.3909264,191599.4550914,11.511217000021134,send_error,1,321,0,0,0.0,0.0,191599.4550747,,,,,,,0,robot_not_discovered
2026-08-18T05:43:07.395+00:00,1787031787.3950655,191599.4592165,11.515342099999543,sent,2,322,28,41,0.0,0.0,191599.4589618,191599.4590431,,,,,0,1,
2026-08-18T05:43:07.396+00:00,1787031787.3960712,191599.4597798,11.515905400010524,sent,3,323,29,40,0.0,0.0,191599.4596019,191599.4596918,,,,,0,1,
2026-08-18T05:43:07.396+00:00,1787031787.3960712,191599.4598104,11.515936000010697,send_error,10,324,0,0,0.0,0.0,191599.4598075,,,,,,,0,robot_not_discovered
2026-08-18T05:43:07.532+00:00,1787031787.532375,191599.5959781,11.652103700005682,send_error,1,325,0,0,0.0,0.0,191599.5959677,,,,,,,0,robot_not_discovered
2026-08-18T05:43:07.535+00:00,1787031787.5355778,191599.5996328,11.65575840001111,sent,2,326,28,41,0.0,0.0,191599.5993907,191599.5994847,,,,,0,1,
2026-08-18T05:43:07.535+00:00,1787031787.5355778,191599.6000914,11.656217000010656,sent,3,327,29,40,0.0,0.0,191599.5999344,191599.5999967,,,,,0,1,
2026-08-18T05:43:07.536+00:00,1787031787.5365837,191599.6001301,11.656255700014299,send_error,10,328,0,0,0.0,0.0,191599.6001263,,,,,,,0,robot_not_discovered
2026-08-18T05:43:07.621+00:00,1787031787.6216476,191599.6856387,11.741764300008072,send_error,1,329,0,0,0.0,0.0,191599.6856054,,,,,,,0,robot_not_discovered
2026-08-18T05:43:07.622+00:00,1787031787.622655,191599.6869012,11.743026800017105,sent,2,330,28,41,0.0,0.0,191599.6866683,191599.6867919,,,,,0,1,
2026-08-18T05:43:07.623+00:00,1787031787.6236403,191599.6874427,11.74356830000761,sent,3,331,29,40,0.0,0.0,191599.6872823,191599.6873727,,,,,0,1,
2026-08-18T05:43:07.623+00:00,1787031787.6236403,191599.6874693,11.743594900006428,send_error,10,332,0,0,0.0,0.0,191599.6874666,,,,,,,0,robot_not_discovered
2026-08-18T05:43:07.721+00:00,1787031787.7211254,191599.78517,11.841295599995647,send_error,1,333,0,0,0.0,0.0,191599.7851595,,,,,,,0,robot_not_discovered
2026-08-18T05:43:07.725+00:00,1787031787.7250688,191599.7892928,11.84541840001475,sent,2,334,28,41,0.0,0.0,191599.7889165,191599.7890715,,,,,0,1,
2026-08-18T05:43:07.726+00:00,1787031787.7260673,191599.789809,11.845934600016335,sent,3,335,29,40,0.0,0.0,191599.7896019,191599.7896853,,,,,0,1,
2026-08-18T05:43:07.726+00:00,1787031787.7260673,191599.7898449,11.845970499998657,send_error,10,336,0,0,0.0,0.0,191599.7898421,,,,,,,0,robot_not_discovered
2026-08-18T05:43:07.810+00:00,1787031787.8103867,191599.874279,11.930404600017937,send_error,1,337,0,0,0.0,0.0,191599.8742664,,,,,,,0,robot_not_discovered
2026-08-18T05:43:07.811+00:00,1787031787.8113828,191599.8750565,11.931182100001024,sent,2,338,28,41,0.0,0.0,191599.8748407,191599.8749144,,,,,0,1,
2026-08-18T05:43:07.811+00:00,1787031787.8113828,191599.8754876,11.9316131999949,sent,3,339,29,40,0.0,0.0,191599.8753372,191599.8754016,,,,,0,1,
2026-08-18T05:43:07.811+00:00,1787031787.8113828,191599.875514,11.931639600021299,send_error,10,340,0,0,0.0,0.0,191599.8755102,,,,,,,0,robot_not_discovered
2026-08-18T05:43:07.922+00:00,1787031787.922019,191599.9860884,12.04221400001552,send_error,1,341,0,0,0.0,0.0,191599.9860791,,,,,,,0,robot_not_discovered
2026-08-18T05:43:07.927+00:00,1787031787.9270215,191599.9905406,12.046666200010804,sent,2,342,28,41,0.0,0.0,191599.9900797,191599.9902418,,,,,0,1,
2026-08-18T05:43:07.927+00:00,1787031787.9270215,191599.9914119,12.04753750000964,sent,3,343,29,40,0.0,0.0,191599.9912671,191599.9912846,,,,,0,1,
2026-08-18T05:43:07.927+00:00,1787031787.9270215,191599.9914385,12.047564100008458,send_error,10,344,0,0,0.0,0.0,191599.991436,,,,,,,0,robot_not_discovered
2026-08-18T05:43:08.059+00:00,1787031788.0594962,191600.1233998,12.179525400017155,send_error,1,345,0,0,0.0,0.0,191600.1233717,,,,,,,0,robot_not_discovered
2026-08-18T05:43:08.063+00:00,1787031788.0634954,191600.1274758,12.183601400000043,sent,2,346,26,43,0.0,0.0,191600.1271803,191600.1272999,,,,,0,1,
2026-08-18T05:43:08.064+00:00,1787031788.0644884,191600.1282906,12.184416200005217,sent,3,347,28,41,0.0,0.0,191600.1278501,191600.1280145,,,,,0,1,
2026-08-18T05:43:08.064+00:00,1787031788.0644884,191600.1283254,12.184451000008266,send_error,10,348,0,0,0.0,0.0,191600.1283225,,,,,,,0,robot_not_discovered
2026-08-18T05:43:08.207+00:00,1787031788.207662,191600.2712335,12.32735910001793,send_error,1,349,0,0,0.0,0.0,191600.2712232,,,,,,,0,robot_not_discovered
2026-08-18T05:43:08.212+00:00,1787031788.2126596,191600.2761798,12.332305400021141,sent,2,350,27,42,0.0,0.0,191600.2757874,191600.2759201,,,,,0,1,
2026-08-18T05:43:08.212+00:00,1787031788.2126596,191600.2768612,12.332986800000072,sent,3,351,28,41,0.0,0.0,191600.2766468,191600.2766724,,,,,0,1,
2026-08-18T05:43:08.212+00:00,1787031788.2126596,191600.2768933,12.333018900011666,send_error,10,352,0,0,0.0,0.0,191600.2768903,,,,,,,0,robot_not_discovered
2026-08-18T05:43:08.347+00:00,1787031788.3479626,191600.4116532,12.467778799997177,send_error,1,353,0,0,0.0,0.0,191600.4116422,,,,,,,0,robot_not_discovered
2026-08-18T05:43:08.350+00:00,1787031788.3509622,191600.4154217,12.471547299996018,sent,2,354,26,43,0.0,0.0,191600.4151691,191600.4152487,,,,,0,1,
2026-08-18T05:43:08.351+00:00,1787031788.3519619,191600.4159276,12.472053200006485,sent,3,355,26,43,0.0,0.0,191600.4157681,191600.4158436,,,,,0,1,
2026-08-18T05:43:08.351+00:00,1787031788.3519619,191600.4159548,12.472080400009872,send_error,10,356,0,0,0.0,0.0,191600.4159523,,,,,,,0,robot_not_discovered
2026-08-18T05:43:08.449+00:00,1787031788.4499784,191600.5137735,12.569899099995382,send_error,1,357,0,0,0.0,0.0,191600.5137607,,,,,,,0,robot_not_discovered
2026-08-18T05:43:08.474+00:00,1787031788.4749987,191600.5393903,12.595515900000464,sent,2,358,27,42,0.0,0.0,191600.5390998,191600.5391176,,,,,0,1,
2026-08-18T05:43:08.475+00:00,1787031788.4759982,191600.5399997,12.596125300013227,sent,3,359,28,41,0.0,0.0,191600.5397922,191600.539914,,,,,0,1,
2026-08-18T05:43:08.475+00:00,1787031788.4759982,191600.5400392,12.596164799993858,send_error,10,360,0,0,0.0,0.0,191600.540036,,,,,,,0,robot_not_discovered
2026-08-18T05:43:08.572+00:00,1787031788.572892,191600.6367648,12.692890400008764,send_error,1,361,0,0,0.0,0.0,191600.6367425,,,,,,,0,robot_not_discovered
2026-08-18T05:43:08.596+00:00,1787031788.596892,191600.6611854,12.717311000014888,sent,2,362,27,42,0.0,0.0,191600.6609162,191600.6610168,,,,,0,1,
2026-08-18T05:43:08.597+00:00,1787031788.5979147,191600.6617077,12.717833300004713,sent,3,363,28,41,0.0,0.0,191600.6615631,191600.6616265,,,,,0,1,
2026-08-18T05:43:08.597+00:00,1787031788.5979147,191600.6617358,12.717861400014954,send_error,10,364,0,0,0.0,0.0,191600.6617332,,,,,,,0,robot_not_discovered
2026-08-18T05:43:08.682+00:00,1787031788.682343,191600.7460999,12.802225499995984,send_error,1,365,0,0,0.0,0.0,191600.7460699,,,,,,,0,robot_not_discovered
2026-08-18T05:43:08.683+00:00,1787031788.6833582,191600.7469601,12.80308569999761,sent,2,366,27,42,0.0,0.0,191600.746678,191600.746764,,,,,0,1,
2026-08-18T05:43:08.683+00:00,1787031788.6833582,191600.7474859,12.803611500014085,sent,3,367,28,41,0.0,0.0,191600.7472981,191600.7473734,,,,,0,1,
2026-08-18T05:43:08.683+00:00,1787031788.6833582,191600.7475138,12.803639399993699,send_error,10,368,0,0,0.0,0.0,191600.7475099,,,,,,,0,robot_not_discovered
2026-08-18T05:43:08.781+00:00,1787031788.781423,191600.8451626,12.901288199995179,send_error,1,369,0,0,0.0,0.0,191600.845152,,,,,,,0,robot_not_discovered
2026-08-18T05:43:08.781+00:00,1787031788.781423,191600.8455781,12.901703700015787,sent,2,370,0,0,0.0,0.0,191600.8452206,191600.8452221,,,,,0,1,
2026-08-18T05:43:08.781+00:00,1787031788.781423,191600.8458029,12.9019285000104,sent,3,371,0,0,0.0,0.0,191600.8456536,191600.8456554,,,,,0,1,
2026-08-18T05:43:08.781+00:00,1787031788.781423,191600.8458526,12.90197820001049,send_error,10,372,0,0,0.0,0.0,191600.8458498,,,,,,,0,robot_not_discovered
2026-08-18T05:43:08.869+00:00,1787031788.8692887,191600.9329909,12.98911650001537,send_error,1,373,0,0,0.0,0.0,191600.9329777,,,,,,,0,robot_not_discovered
2026-08-18T05:43:08.869+00:00,1787031788.8692887,191600.9334614,12.989587000018219,sent,2,374,0,0,0.0,0.0,191600.9330521,191600.9330541,,,,,0,1,
2026-08-18T05:43:08.870+00:00,1787031788.8702846,191600.9337694,12.989895000006072,sent,3,375,0,0,0.0,0.0,191600.9335425,191600.9335454,,,,,0,1,
2026-08-18T05:43:08.870+00:00,1787031788.8702846,191600.9338046,12.989930200012168,send_error,10,376,0,0,0.0,0.0,191600.9338016,,,,,,,0,robot_not_discovered
2026-08-18T05:43:09.043+00:00,1787031789.0438554,191601.1073322,13.163457799993921,send_error,1,377,0,0,0.0,0.0,191601.1072993,,,,,,,0,robot_not_discovered
2026-08-18T05:43:09.046+00:00,1787031789.0468483,191601.1111656,13.167291200021282,sent,2,378,18,67,0.0,0.0,191601.1109411,191601.1110218,,,,,0,1,
2026-08-18T05:43:09.047+00:00,1787031789.0478458,191601.1117363,13.167861900001299,sent,3,379,18,65,0.0,0.0,191601.1115925,191601.1116663,,,,,0,1,
2026-08-18T05:43:09.047+00:00,1787031789.0478458,191601.1117646,13.167890200013062,send_error,10,380,0,0,0.0,0.0,191601.1117607,,,,,,,0,robot_not_discovered
2026-08-18T05:43:09.191+00:00,1787031789.1916628,191601.2556787,13.311804299999494,send_error,1,381,0,0,0.0,0.0,191601.2556565,,,,,,,0,robot_not_discovered
2026-08-18T05:43:09.195+00:00,1787031789.1956587,191601.2597599,13.315885499992874,sent,2,382,25,44,0.0,0.0,191601.2593279,191601.2594571,,,,,0,1,
2026-08-18T05:43:09.196+00:00,1787031789.1966598,191601.26075,13.316875599994091,sent,3,383,18,49,0.0,0.0,191601.2605093,191601.2605926,,,,,0,1,
2026-08-18T05:43:09.196+00:00,1787031789.1966598,191601.2607785,13.316904100007378,send_error,10,384,0,0,0.0,0.0,191601.2607758,,,,,,,0,robot_not_discovered
2026-08-18T05:43:09.346+00:00,1787031789.346301,191601.4106509,13.466776500019478,send_error,1,385,0,0,0.0,0.0,191601.4106391,,,,,,,0,robot_not_discovered
2026-08-18T05:43:09.352+00:00,1787031789.352742,191601.4162879,13.472413500014227,sent,2,386,26,43,0.0,0.0,191601.4151878,191601.4156315,,,,,0,1,
2026-08-18T05:43:09.352+00:00,1787031789.352742,191601.4169862,13.473111800005427,sent,3,387,-18,41,0.0,0.0,191601.4167957,191601.4168711,,,,,0,1,
2026-08-18T05:43:09.352+00:00,1787031789.352742,191601.4170321,13.473157700005686,send_error,10,388,0,0,0.0,0.0,191601.4170289,,,,,,,0,robot_not_discovered
2026-08-18T05:43:09.484+00:00,1787031789.4842386,191601.5560886,13.612214199994924,send_error,1,389,0,0,0.0,0.0,191601.556046,,,,,,,0,robot_not_discovered
2026-08-18T05:43:09.500+00:00,1787031789.5005531,191601.5642012,13.620326800009934,sent,2,390,26,43,0.0,0.0,191601.563906,191601.5640254,,,,,0,1,
2026-08-18T05:43:09.500+00:00,1787031789.5005531,191601.5647466,13.620872200001031,sent,3,391,-18,38,0.0,0.0,191601.5645452,191601.5646421,,,,,0,1,
2026-08-18T05:43:09.500+00:00,1787031789.5005531,191601.5647766,13.620902199996635,send_error,10,392,0,0,0.0,0.0,191601.5647741,,,,,,,0,robot_not_discovered
2026-08-18T05:43:09.630+00:00,1787031789.6302164,191601.6942721,13.750397700001486,send_error,1,393,0,0,0.0,0.0,191601.6942614,,,,,,,0,robot_not_discovered
2026-08-18T05:43:09.635+00:00,1787031789.6352198,191601.6990287,13.75515430001542,sent,2,394,28,41,0.0,0.0,191601.6985793,191601.698598,,,,,0,1,
2026-08-18T05:43:09.636+00:00,1787031789.6362188,191601.6998834,13.75600900000427,sent,3,395,-18,33,0.0,0.0,191601.6995319,191601.6997124,,,,,0,1,
2026-08-18T05:43:09.636+00:00,1787031789.6362188,191601.6999217,13.756047300004866,send_error,10,396,0,0,0.0,0.0,191601.699919,,,,,,,0,robot_not_discovered
2026-08-18T05:43:09.765+00:00,1787031789.7656612,191601.8298015,13.88592709999648,send_error,1,397,0,0,0.0,0.0,191601.8297698,,,,,,,0,robot_not_discovered
2026-08-18T05:43:09.774+00:00,1787031789.774764,191601.8385134,13.894639000005554,sent,2,398,28,41,0.0,0.0,191601.8382384,191601.8383378,,,,,0,1,
2026-08-18T05:43:09.774+00:00,1787031789.774764,191601.8390102,13.895135800004937,sent,3,399,18,27,0.0,0.0,191601.8388557,191601.8389215,,,,,0,1,
2026-08-18T05:43:09.774+00:00,1787031789.774764,191601.8390421,13.895167700015008,send_error,10,400,0,0,0.0,0.0,191601.8390393,,,,,,,0,robot_not_discovered
2026-08-18T05:43:09.873+00:00,1787031789.8735313,191601.9377704,13.99389599999995,send_error,1,401,0,0,0.0,0.0,191601.9377578,,,,,,,0,robot_not_discovered
2026-08-18T05:43:09.898+00:00,1787031789.8985326,191601.9622596,14.018385200004559,sent,2,402,27,42,0.0,0.0,191601.9616722,191601.9619271,,,,,0,1,
2026-08-18T05:43:09.898+00:00,1787031789.8985326,191601.9627697,14.018895300017903,sent,3,403,1,31,0.0,0.0,191601.9625973,191601.9626876,,,,,0,1,
2026-08-18T05:43:09.898+00:00,1787031789.8985326,191601.9627982,14.018923800002085,send_error,10,404,0,0,0.0,0.0,191601.9627956,,,,,,,0,robot_not_discovered
2026-08-18T05:43:10.020+00:00,1787031790.0208156,191602.0845576,14.140683200006606,send_error,1,405,0,0,0.0,0.0,191602.0845479,,,,,,,0,robot_not_discovered
2026-08-18T05:43:10.024+00:00,1787031790.02435,191602.0885237,14.144649299996672,sent,2,406,27,42,0.0,0.0,191602.088253,191602.0883482,,,,,0,1,
2026-08-18T05:43:10.025+00:00,1787031790.0253572,191602.0889819,14.145107499993173,sent,3,407,1,31,0.0,0.0,191602.0888167,191602.0888716,,,,,0,1,
2026-08-18T05:43:10.025+00:00,1787031790.0253572,191602.0890117,14.145137300016358,send_error,10,408,0,0,0.0,0.0,191602.089009,,,,,,,0,robot_not_discovered
2026-08-18T05:43:10.122+00:00,1787031790.122423,191602.1859242,14.242049799999222,send_error,1,409,0,0,0.0,0.0,191602.1859138,,,,,,,0,robot_not_discovered
2026-08-18T05:43:10.122+00:00,1787031790.122423,191602.186297,14.242422600014834,sent,2,410,0,0,0.0,0.0,191602.1859674,191602.1859689,,,,,0,1,
2026-08-18T05:43:10.122+00:00,1787031790.122423,191602.1867363,14.24286190001294,sent,3,411,0,0,0.0,0.0,191602.1863779,191602.1863826,,,,,0,1,
2026-08-18T05:43:10.122+00:00,1787031790.122423,191602.1868505,14.2429761000094,send_error,10,412,0,0,0.0,0.0,191602.1868459,,,,,,,0,robot_not_discovered
2026-08-18T05:43:10.214+00:00,1787031790.2148824,191602.2788084,14.334934000013163,send_error,1,413,0,0,0.0,0.0,191602.2787957,,,,,,,0,robot_not_discovered
2026-08-18T05:43:10.214+00:00,1787031790.2148824,191602.2791257,14.335251300013624,sent,2,414,0,0,0.0,0.0,191602.2789096,191602.2789112,,,,,0,1,
2026-08-18T05:43:10.214+00:00,1787031790.2148824,191602.2792349,14.335360500001116,sent,3,415,0,0,0.0,0.0,191602.279154,191602.2791571,,,,,0,1,
2026-08-18T05:43:10.214+00:00,1787031790.2148824,191602.2792622,14.335387800005265,send_error,10,416,0,0,0.0,0.0,191602.2792593,,,,,,,0,robot_not_discovered
2026-08-18T05:43:10.330+00:00,1787031790.3306646,191602.3944699,14.450595500005875,send_error,1,417,0,0,0.0,0.0,191602.39446,,,,,,,0,robot_not_discovered
2026-08-18T05:43:10.330+00:00,1787031790.3306646,191602.3949108,14.451036400016164,sent,2,418,0,0,0.0,0.0,191602.3945162,191602.3945177,,,,,0,1,
2026-08-18T05:43:10.330+00:00,1787031790.3306646,191602.3950267,14.451152299996465,sent,3,419,0,0,0.0,0.0,191602.3949444,191602.3949464,,,,,0,1,
2026-08-18T05:43:10.330+00:00,1787031790.3306646,191602.3950535,14.451179099996807,send_error,10,420,0,0,0.0,0.0,191602.3950506,,,,,,,0,robot_not_discovered
2026-08-18T05:43:10.419+00:00,1787031790.4191442,191602.4829286,14.539054199995007,send_error,1,421,0,0,0.0,0.0,191602.4828948,,,,,,,0,robot_not_discovered
2026-08-18T05:43:10.419+00:00,1787031790.4191442,191602.4831688,14.539294400019571,sent,2,422,0,0,0.0,0.0,191602.4830068,191602.4830085,,,,,0,1,
2026-08-18T05:43:10.419+00:00,1787031790.4191442,191602.4832909,14.539416500017978,sent,3,423,0,0,0.0,0.0,191602.4831924,191602.483194,,,,,0,1,
2026-08-18T05:43:10.419+00:00,1787031790.4191442,191602.4833277,14.539453300007153,send_error,10,424,0,0,0.0,0.0,191602.4833251,,,,,,,0,robot_not_discovered
2026-08-18T05:43:10.528+00:00,1787031790.5284264,191602.5922162,14.648341799998889,send_error,1,425,0,0,0.0,0.0,191602.5922072,,,,,,,0,robot_not_discovered
2026-08-18T05:43:10.533+00:00,1787031790.533352,191602.596991,14.653116600005887,sent,2,426,18,66,0.0,0.0,191602.5967136,191602.5968271,,,,,0,1,
2026-08-18T05:43:10.533+00:00,1787031790.533352,191602.5974721,14.653597700002138,sent,3,427,-18,54,0.0,0.0,191602.5972752,191602.5973766,,,,,0,1,
2026-08-18T05:43:10.533+00:00,1787031790.533352,191602.5975054,14.653630999993766,send_error,10,428,0,0,0.0,0.0,191602.5975023,,,,,,,0,robot_not_discovered
2026-08-18T05:43:10.625+00:00,1787031790.6251955,191602.6890005,14.745126099995105,send_error,1,429,0,0,0.0,0.0,191602.6889916,,,,,,,0,robot_not_discovered
2026-08-18T05:43:10.727+00:00,1787031790.7271936,191602.7910036,14.84712920000311,sent,2,430,27,42,0.0,0.0,191602.7907481,191602.7908537,,,,,0,1,
2026-08-18T05:43:10.727+00:00,1787031790.7271936,191602.7915065,14.847632100019837,sent,3,431,18,30,0.0,0.0,191602.7913418,191602.7914114,,,,,0,1,
2026-08-18T05:43:10.727+00:00,1787031790.7271936,191602.7915456,14.847671199997421,send_error,10,432,0,0,0.0,0.0,191602.7915426,,,,,,,0,robot_not_discovered
2026-08-18T05:43:10.859+00:00,1787031790.859295,191602.9228749,14.979000499995891,send_error,1,433,0,0,0.0,0.0,191602.9228639,,,,,,,0,robot_not_discovered
2026-08-18T05:43:10.863+00:00,1787031790.8632984,191602.9270695,14.983195100008743,sent,2,434,32,37,0.0,0.0,191602.9265153,191602.926543,,,,,0,1,
2026-08-18T05:43:10.864+00:00,1787031790.8642967,191602.927733,14.983858599996893,sent,3,435,18,23,0.0,0.0,191602.9275595,191602.9276413,,,,,0,1,
2026-08-18T05:43:10.864+00:00,1787031790.8642967,191602.9277663,14.983891900017625,send_error,10,436,0,0,0.0,0.0,191602.9277636,,,,,,,0,robot_not_discovered
2026-08-18T05:43:11.005+00:00,1787031791.0050995,191603.069358,15.125483600015286,send_error,1,437,0,0,0.0,0.0,191603.0693487,,,,,,,0,robot_not_discovered
2026-08-18T05:43:11.010+00:00,1787031791.0100887,191603.0735668,15.129692400019849,sent,2,438,30,39,0.0,0.0,191603.0732827,191603.0733707,,,,,0,1,
2026-08-18T05:43:11.010+00:00,1787031791.0100887,191603.0741028,15.130228399997577,sent,3,439,18,26,0.0,0.0,191603.073926,191603.0740068,,,,,0,1,
2026-08-18T05:43:11.010+00:00,1787031791.0100887,191603.0741366,15.130262199993012,send_error,10,440,0,0,0.0,0.0,191603.0741339,,,,,,,0,robot_not_discovered
2026-08-18T05:43:11.139+00:00,1787031791.1390297,191603.2031423,15.259267899993574,send_error,1,441,0,0,0.0,0.0,191603.2031312,,,,,,,0,robot_not_discovered
2026-08-18T05:43:11.143+00:00,1787031791.1430357,191603.2069648,15.263090399996145,sent,2,442,29,40,0.0,0.0,191603.2067548,191603.2068338,,,,,0,1,
2026-08-18T05:43:11.144+00:00,1787031791.1440325,191603.2077002,15.263825800007908,sent,3,443,18,25,0.0,0.0,191603.207548,191603.2076241,,,,,0,1,
2026-08-18T05:43:11.144+00:00,1787031791.1440325,191603.2077301,15.26385570000275,send_error,10,444,0,0,0.0,0.0,191603.2077271,,,,,,,0,robot_not_discovered
2026-08-18T05:43:11.279+00:00,1787031791.2793102,191603.3433507,15.399476299993694,send_error,1,445,0,0,0.0,0.0,191603.3433177,,,,,,,0,robot_not_discovered
2026-08-18T05:43:11.283+00:00,1787031791.2833157,191603.346824,15.402949600014836,sent,2,446,31,38,0.0,0.0,191603.3466171,191603.3467138,,,,,0,1,
2026-08-18T05:43:11.283+00:00,1787031791.2833157,191603.3474317,15.403557300014654,sent,3,447,22,20,0.0,0.0,191603.347297,191603.3473664,,,,,0,1,
2026-08-18T05:43:11.283+00:00,1787031791.2833157,191603.3474612,15.403586800006451,send_error,10,448,0,0,0.0,0.0,191603.3474585,,,,,,,0,robot_not_discovered
2026-08-18T05:43:11.423+00:00,1787031791.4233646,191603.4872485,15.543374100001529,send_error,1,449,0,0,0.0,0.0,191603.4872398,,,,,,,0,robot_not_discovered
2026-08-18T05:43:11.428+00:00,1787031791.4283588,191603.4922653,15.548390900017694,sent,2,450,31,38,0.0,0.0,191603.4920739,191603.4920941,,,,,0,1,
2026-08-18T05:43:11.429+00:00,1787031791.4293585,191603.4928048,15.548930399992969,sent,3,451,24,18,0.0,0.0,191603.4926436,191603.4927266,,,,,0,1,
2026-08-18T05:43:11.429+00:00,1787031791.4293585,191603.4928446,15.548970200004987,send_error,10,452,0,0,0.0,0.0,191603.4928417,,,,,,,0,robot_not_discovered
2026-08-18T05:43:11.563+00:00,1787031791.5637586,191603.6274626,15.683588200015947,send_error,1,453,0,0,0.0,0.0,191603.6274448,,,,,,,0,robot_not_discovered
2026-08-18T05:43:11.568+00:00,1787031791.5687711,191603.6324029,15.688528500002576,sent,2,454,32,37,0.0,0.0,191603.6321533,191603.6322423,,,,,0,1,
2026-08-18T05:43:11.568+00:00,1787031791.5687711,191603.632933,15.689058599993587,sent,3,455,18,18,0.0,0.0,191603.6327731,191603.6328372,,,,,0,1,
2026-08-18T05:43:11.568+00:00,1787031791.5687711,191603.6329738,15.68909940001322,send_error,10,456,0,0,0.0,0.0,191603.6329705,,,,,,,0,robot_not_discovered
2026-08-18T05:43:11.700+00:00,1787031791.7009923,191603.7644083,15.820533899997827,send_error,1,457,0,0,0.0,0.0,191603.7643987,,,,,,,0,robot_not_discovered
2026-08-18T05:43:11.703+00:00,1787031791.7039874,191603.7680866,15.824212200008333,sent,2,458,32,37,0.0,0.0,191603.7678096,191603.7679053,,,,,0,1,
2026-08-18T05:43:11.704+00:00,1787031791.704993,191603.7687095,15.824835100007476,sent,3,459,18,18,0.0,0.0,191603.7685247,191603.7686134,,,,,0,1,
2026-08-18T05:43:11.704+00:00,1787031791.704993,191603.7687386,15.824864199996227,send_error,10,460,0,0,0.0,0.0,191603.7687361,,,,,,,0,robot_not_discovered
2026-08-18T05:43:11.828+00:00,1787031791.8287241,191603.9032047,15.959330300014699,send_error,1,461,0,0,0.0,0.0,191603.903194,,,,,,,0,robot_not_discovered
2026-08-18T05:43:11.828+00:00,1787031791.8287241,191603.9072912,15.963416800019331,sent,2,462,32,37,0.0,0.0,191603.9069893,191603.9071134,,,,,0,1,
2026-08-18T05:43:11.828+00:00,1787031791.8287241,191603.9077683,15.963893900014227,sent,3,463,18,18,0.0,0.0,191603.907606,191603.9076803,,,,,0,1,
2026-08-18T05:43:11.828+00:00,1787031791.8287241,191603.907794,15.963919600006193,send_error,10,464,0,0,0.0,0.0,191603.9077916,,,,,,,0,robot_not_discovered
2026-08-18T05:43:11.979+00:00,1787031791.9791405,191604.0432727,16.09939829999348,send_error,1,465,0,0,0.0,0.0,191604.0432623,,,,,,,0,robot_not_discovered
2026-08-18T05:43:11.984+00:00,1787031791.9841413,191604.0484238,16.10454940001364,sent,2,466,33,36,0.0,0.0,191604.0481545,191604.0482743,,,,,0,1,
2026-08-18T05:43:11.985+00:00,1787031791.9851403,191604.0486197,16.104745300021023,sent,3,467,0,0,0.0,0.0,191604.0485473,191604.0485499,,,,,0,1,
2026-08-18T05:43:11.985+00:00,1787031791.9851403,191604.0486834,16.1048090000113,send_error,10,468,0,0,0.0,0.0,191604.0486806,,,,,,,0,robot_not_discovered
2026-08-18T05:43:12.116+00:00,1787031792.116293,191604.180565,16.2366905999952,send_error,1,469,0,0,0.0,0.0,191604.1805556,,,,,,,0,robot_not_discovered
2026-08-18T05:43:12.121+00:00,1787031792.1212857,191604.1847016,16.24082720000297,sent,2,470,32,37,0.0,0.0,191604.1844577,191604.1844764,,,,,0,1,
2026-08-18T05:43:12.121+00:00,1787031792.1212857,191604.1848161,16.240941700001713,sent,3,471,0,0,0.0,0.0,191604.1847349,191604.1847369,,,,,0,1,
2026-08-18T05:43:12.121+00:00,1787031792.1212857,191604.1848381,16.24096369999461,send_error,10,472,0,0,0.0,0.0,191604.1848357,,,,,,,0,robot_not_discovered
2026-08-18T05:43:12.257+00:00,1787031792.2573879,191604.3215988,16.377724399993895,send_error,1,473,0,0,0.0,0.0,191604.3215841,,,,,,,0,robot_not_discovered
2026-08-18T05:43:12.261+00:00,1787031792.2615244,191604.3255293,16.381654900003923,sent,2,474,33,36,0.0,0.0,191604.3252904,191604.3253696,,,,,0,1,
2026-08-18T05:43:12.261+00:00,1787031792.2615244,191604.3256466,16.381772199994884,sent,3,475,0,0,0.0,0.0,191604.3255624,191604.3255643,,,,,0,1,
2026-08-18T05:43:12.261+00:00,1787031792.2615244,191604.3256739,16.381799499999033,send_error,10,476,0,0,0.0,0.0,191604.3256711,,,,,,,0,robot_not_discovered
2026-08-18T05:43:12.393+00:00,1787031792.3931415,191604.4571351,16.513260700012324,send_error,1,477,0,0,0.0,0.0,191604.4571223,,,,,,,0,robot_not_discovered
2026-08-18T05:43:12.398+00:00,1787031792.3981388,191604.4618493,16.517974899994442,sent,2,478,33,36,0.0,0.0,191604.461208,191604.4614629,,,,,0,1,
2026-08-18T05:43:12.398+00:00,1787031792.3981388,191604.462062,16.518187600013334,sent,3,479,0,0,0.0,0.0,191604.4619079,191604.461925,,,,,0,1,
2026-08-18T05:43:12.398+00:00,1787031792.3981388,191604.4620956,16.518221200007247,send_error,10,480,0,0,0.0,0.0,191604.4620914,,,,,,,0,robot_not_discovered
2026-08-18T05:43:12.548+00:00,1787031792.5481253,191604.6123154,16.668441000016173,send_error,1,481,0,0,0.0,0.0,191604.6123052,,,,,,,0,robot_not_discovered
2026-08-18T05:43:12.553+00:00,1787031792.5531251,191604.6166625,16.67278809999698,sent,2,482,32,37,0.0,0.0,191604.6164723,191604.6165733,,,,,0,1,
2026-08-18T05:43:12.553+00:00,1787031792.5531251,191604.6168126,16.672938200004864,sent,3,483,0,0,0.0,0.0,191604.6166964,191604.6166982,,,,,0,1,
2026-08-18T05:43:12.553+00:00,1787031792.5531251,191604.6168421,16.67296769999666,send_error,10,484,0,0,0.0,0.0,191604.6168394,,,,,,,0,robot_not_discovered
2026-08-18T05:43:12.700+00:00,1787031792.7006752,191604.7641307,16.820256300008623,send_error,1,485,0,0,0.0,0.0,191604.7641198,,,,,,,0,robot_not_discovered
2026-08-18T05:43:12.706+00:00,1787031792.7066576,191604.7700457,16.82617129999562,sent,2,486,32,37,0.0,0.0,191604.7697561,191604.7698723,,,,,0,1,
2026-08-18T05:43:12.706+00:00,1787031792.7066576,191604.7702258,16.826351399999112,sent,3,487,0,0,0.0,0.0,191604.7700826,191604.7700846,,,,,0,1,
2026-08-18T05:43:12.706+00:00,1787031792.7066576,191604.7702615,16.826387100009015,send_error,10,488,0,0,0.0,0.0,191604.7702586,,,,,,,0,robot_not_discovered
2026-08-18T05:43:12.828+00:00,1787031792.8286598,191604.8922814,16.94840700001805,send_error,1,489,0,0,0.0,0.0,191604.8922725,,,,,,,0,robot_not_discovered
2026-08-18T05:43:12.831+00:00,1787031792.8316598,191604.8956879,16.951813499996206,sent,2,490,30,39,0.0,0.0,191604.8954202,191604.8955201,,,,,0,1,
2026-08-18T05:43:12.831+00:00,1787031792.8316598,191604.8957941,16.95191970001906,sent,3,491,0,0,0.0,0.0,191604.8957174,191604.8957192,,,,,0,1,
2026-08-18T05:43:12.831+00:00,1787031792.8316598,191604.895822,16.951947599998675,send_error,10,492,0,0,0.0,0.0,191604.8958191,,,,,,,0,robot_not_discovered
2026-08-18T05:43:12.976+00:00,1787031792.9768095,191605.0402598,17.096385400014697,send_error,1,493,0,0,0.0,0.0,191605.0402349,,,,,,,0,robot_not_discovered
2026-08-18T05:43:12.980+00:00,1787031792.9808102,191605.044899,17.101024600007804,sent,2,494,30,39,0.0,0.0,191605.0440369,191605.0442817,,,,,0,1,
2026-08-18T05:43:12.981+00:00,1787031792.9818025,191605.0452391,17.101364700007252,sent,3,495,0,0,0.0,0.0,191605.044983,191605.0449881,,,,,0,1,
2026-08-18T05:43:12.981+00:00,1787031792.9818025,191605.0452864,17.101412000018172,send_error,10,496,0,0,0.0,0.0,191605.0452833,,,,,,,0,robot_not_discovered
2026-08-18T05:43:13.113+00:00,1787031793.1130397,191605.1768505,17.232976100000087,send_error,1,497,0,0,0.0,0.0,191605.1768393,,,,,,,0,robot_not_discovered
2026-08-18T05:43:13.117+00:00,1787031793.1171274,191605.1812235,17.237349100003485,sent,2,498,30,39,0.0,0.0,191605.1809484,191605.1810833,,,,,0,1,
2026-08-18T05:43:13.118+00:00,1787031793.11804,191605.1814267,17.237552300008247,sent,3,499,0,0,0.0,0.0,191605.1812572,191605.1812594,,,,,0,1,
2026-08-18T05:43:13.118+00:00,1787031793.11804,191605.1814644,17.237590000004275,send_error,10,500,0,0,0.0,0.0,191605.1814616,,,,,,,0,robot_not_discovered
2026-08-18T05:43:13.268+00:00,1787031793.2680504,191605.3323479,17.388473500002874,send_error,1,501,0,0,0.0,0.0,191605.3323376,,,,,,,0,robot_not_discovered
2026-08-18T05:43:13.274+00:00,1787031793.2740574,191605.3375204,17.39364600001136,sent,2,502,29,40,0.0,0.0,191605.3371143,191605.3372356,,,,,0,1,
2026-08-18T05:43:13.274+00:00,1787031793.2740574,191605.3376814,17.39380700001493,sent,3,503,0,0,0.0,0.0,191605.337557,191605.3375603,,,,,0,1,
2026-08-18T05:43:13.274+00:00,1787031793.2740574,191605.3377456,17.393871200009016,send_error,10,504,0,0,0.0,0.0,191605.3377427,,,,,,,0,robot_not_discovered
2026-08-18T05:43:13.414+00:00,1787031793.4148295,191605.4790426,17.53516820000368,send_error,1,505,0,0,0.0,0.0,191605.4790319,,,,,,,0,robot_not_discovered
2026-08-18T05:43:13.419+00:00,1787031793.4208198,191605.4841749,17.5403004999971,sent,2,506,29,40,0.0,0.0,191605.4839476,191605.4840633,,,,,0,1,
2026-08-18T05:43:13.420+00:00,1787031793.4208198,191605.4843151,17.540440700016916,sent,3,507,0,0,0.0,0.0,191605.4842115,191605.4842136,,,,,0,1,
2026-08-18T05:43:13.420+00:00,1787031793.4208198,191605.4843605,17.540486100013368,send_error,10,508,0,0,0.0,0.0,191605.4843574,,,,,,,0,robot_not_discovered
2026-08-18T05:43:13.557+00:00,1787031793.5573633,191605.6210484,17.67717400001129,send_error,1,509,0,0,0.0,0.0,191605.6210018,,,,,,,0,robot_not_discovered
2026-08-18T05:43:13.563+00:00,1787031793.5633378,191605.6270836,17.683209200011333,sent,2,510,26,39,0.0,0.0,191605.626729,191605.626881,,,,,0,1,
2026-08-18T05:43:13.563+00:00,1787031793.5633378,191605.6273176,17.68344320001779,sent,3,511,0,0,0.0,0.0,191605.6271946,191605.6271969,,,,,0,1,
2026-08-18T05:43:13.563+00:00,1787031793.5633378,191605.6273878,17.683513399999356,send_error,10,512,0,0,0.0,0.0,191605.6273851,,,,,,,0,robot_not_discovered
2026-08-18T05:43:13.706+00:00,1787031793.7066612,191605.7702359,17.82636150001781,send_error,1,513,0,0,0.0,0.0,191605.7702265,,,,,,,0,robot_not_discovered
2026-08-18T05:43:13.710+00:00,1787031793.7106621,191605.7747424,17.83086800001911,sent,2,514,20,36,0.0,0.0,191605.7744403,191605.7745439,,,,,0,1,
2026-08-18T05:43:13.710+00:00,1787031793.7106621,191605.7749126,17.831038200005423,sent,3,515,0,0,0.0,0.0,191605.7747818,191605.7747839,,,,,0,1,
2026-08-18T05:43:13.710+00:00,1787031793.7106621,191605.774947,17.831072600005427,send_error,10,516,0,0,0.0,0.0,191605.7749446,,,,,,,0,robot_not_discovered
2026-08-18T05:43:13.861+00:00,1787031793.861401,191605.9254642,17.981589800008805,send_error,1,517,0,0,0.0,0.0,191605.9254329,,,,,,,0,robot_not_discovered
2026-08-18T05:43:13.869+00:00,1787031793.869405,191605.9337325,17.989858100016136,sent,2,518,18,32,0.0,0.0,191605.9331596,191605.9334224,,,,,0,1,
2026-08-18T05:43:13.870+00:00,1787031793.8704035,191605.9340756,17.990201200009324,sent,3,519,0,0,0.0,0.0,191605.9338481,191605.933855,,,,,0,1,
2026-08-18T05:43:13.870+00:00,1787031793.8704035,191605.9341369,17.99026250001043,send_error,10,520,0,0,0.0,0.0,191605.9341325,,,,,,,0,robot_not_discovered
2026-08-18T05:43:14.009+00:00,1787031794.009713,191606.0734248,18.129550400015432,send_error,1,521,0,0,0.0,0.0,191606.0734056,,,,,,,0,robot_not_discovered
2026-08-18T05:43:14.013+00:00,1787031794.0137138,191606.0776397,18.133765300008235,sent,2,522,18,27,0.0,0.0,191606.0773699,191606.0774691,,,,,0,1,
2026-08-18T05:43:14.013+00:00,1787031794.0137138,191606.0777577,18.133883300004527,sent,3,523,0,0,0.0,0.0,191606.0776729,191606.0776748,,,,,0,1,
2026-08-18T05:43:14.013+00:00,1787031794.0137138,191606.0777892,18.133914800011553,send_error,10,524,0,0,0.0,0.0,191606.0777857,,,,,,,0,robot_not_discovered
2026-08-18T05:43:14.142+00:00,1787031794.142833,191606.2068871,18.26301270001568,send_error,1,525,0,0,0.0,0.0,191606.2068571,,,,,,,0,robot_not_discovered
2026-08-18T05:43:14.147+00:00,1787031794.147845,191606.2119784,18.268104000017047,sent,2,526,18,23,0.0,0.0,191606.2117082,191606.2118353,,,,,0,1,
2026-08-18T05:43:14.148+00:00,1787031794.1488338,191606.2121863,18.26831189999939,sent,3,527,0,0,0.0,0.0,191606.2120168,191606.2120186,,,,,0,1,
2026-08-18T05:43:14.148+00:00,1787031794.1488338,191606.2122438,18.268369400000665,send_error,10,528,0,0,0.0,0.0,191606.2122411,,,,,,,0,robot_not_discovered
2026-08-18T05:43:14.284+00:00,1787031794.2840407,191606.3479739,18.40409950001049,send_error,1,529,0,0,0.0,0.0,191606.3479615,,,,,,,0,robot_not_discovered
2026-08-18T05:43:14.290+00:00,1787031794.290021,191606.3535322,18.409657800017158,sent,2,530,18,20,0.0,0.0,191606.3532261,191606.3533849,,,,,0,1,
2026-08-18T05:43:14.290+00:00,1787031794.290021,191606.3537168,18.409842399996705,sent,3,531,0,0,0.0,0.0,191606.3535709,191606.3535728,,,,,0,1,
2026-08-18T05:43:14.290+00:00,1787031794.290021,191606.353754,18.40987960001803,send_error,10,532,0,0,0.0,0.0,191606.3537509,,,,,,,0,robot_not_discovered
2026-08-18T05:43:14.418+00:00,1787031794.4183595,191606.482502,18.538627600006294,send_error,1,533,0,0,0.0,0.0,191606.4824783,,,,,,,0,robot_not_discovered
2026-08-18T05:43:14.423+00:00,1787031794.4233592,191606.487423,18.543548600020586,sent,2,534,-1,19,0.0,0.0,191606.487166,191606.4872766,,,,,0,1,
2026-08-18T05:43:14.423+00:00,1787031794.4233592,191606.487584,18.543709599995054,sent,3,535,0,0,0.0,0.0,191606.4874564,191606.4874587,,,,,0,1,
2026-08-18T05:43:14.423+00:00,1787031794.4233592,191606.4876454,18.543770999996923,send_error,10,536,0,0,0.0,0.0,191606.4876259,,,,,,,0,robot_not_discovered
2026-08-18T05:43:14.564+00:00,1787031794.5647588,191606.6282886,18.68441420001909,send_error,1,537,0,0,0.0,0.0,191606.6282796,,,,,,,0,robot_not_discovered
2026-08-18T05:43:14.567+00:00,1787031794.567755,191606.6317359,18.68786150001688,sent,2,538,-18,18,0.0,0.0,191606.6314641,191606.6315659,,,,,0,1,
2026-08-18T05:43:14.567+00:00,1787031794.567755,191606.6319062,18.688031800003955,sent,3,539,0,0,0.0,0.0,191606.6317683,191606.6317701,,,,,0,1,
2026-08-18T05:43:14.567+00:00,1787031794.567755,191606.6319392,18.6880647999933,send_error,10,540,0,0,0.0,0.0,191606.6319364,,,,,,,0,robot_not_discovered
2026-08-18T05:43:14.702+00:00,1787031794.7026012,191606.7666119,18.822737500013318,send_error,1,541,0,0,0.0,0.0,191606.7666023,,,,,,,0,robot_not_discovered
2026-08-18T05:43:14.706+00:00,1787031794.7065997,191606.7699637,18.826089300011517,sent,2,542,-18,18,0.0,0.0,191606.7697164,191606.769796,,,,,0,1,
2026-08-18T05:43:14.706+00:00,1787031794.7065997,191606.7700889,18.826214500004426,sent,3,543,0,0,0.0,0.0,191606.7699984,191606.7700007,,,,,0,1,
2026-08-18T05:43:14.706+00:00,1787031794.7065997,191606.7701488,18.826274399994873,send_error,10,544,0,0,0.0,0.0,191606.770146,,,,,,,0,robot_not_discovered
2026-08-18T05:43:14.845+00:00,1787031794.845103,191606.9087759,18.96490150000318,send_error,1,545,0,0,0.0,0.0,191606.9087663,,,,,,,0,robot_not_discovered
2026-08-18T05:43:14.850+00:00,1787031794.8501034,191606.9135207,18.969646300014574,sent,2,546,-18,18,0.0,0.0,191606.9132592,191606.9133894,,,,,0,1,
2026-08-18T05:43:14.850+00:00,1787031794.8501034,191606.9137123,18.96983790001832,sent,3,547,0,0,0.0,0.0,191606.913564,191606.9135667,,,,,0,1,
2026-08-18T05:43:14.850+00:00,1787031794.8501034,191606.9137697,18.969895300018834,send_error,10,548,0,0,0.0,0.0,191606.9137644,,,,,,,0,robot_not_discovered
2026-08-18T05:43:14.992+00:00,1787031794.992532,191607.0564295,19.112555100000463,send_error,1,549,0,0,0.0,0.0,191607.0564191,,,,,,,0,robot_not_discovered
2026-08-18T05:43:14.997+00:00,1787031794.9975324,191607.0608724,19.116998000012245,sent,2,550,-18,18,0.0,0.0,191607.0605803,191607.0606949,,,,,0,1,
2026-08-18T05:43:14.997+00:00,1787031794.9975324,191607.0611182,19.117243800021242,sent,3,551,0,0,0.0,0.0,191607.0609211,191607.0609252,,,,,0,1,
2026-08-18T05:43:14.997+00:00,1787031794.9975324,191607.061177,19.117302600003313,send_error,10,552,0,0,0.0,0.0,191607.0611731,,,,,,,0,robot_not_discovered
2026-08-18T05:43:15.120+00:00,1787031795.1203454,191607.1844198,19.240545400010888,send_error,1,553,0,0,0.0,0.0,191607.1844094,,,,,,,0,robot_not_discovered
2026-08-18T05:43:15.124+00:00,1787031795.124346,191607.1886105,19.244736099994043,sent,2,554,-18,18,0.0,0.0,191607.1883755,191607.1884616,,,,,0,1,
2026-08-18T05:43:15.125+00:00,1787031795.1253388,191607.1887673,19.24489289999474,sent,3,555,0,0,0.0,0.0,191607.1886446,191607.1886464,,,,,0,1,
2026-08-18T05:43:15.125+00:00,1787031795.1253388,191607.1887961,19.24492170001031,send_error,10,556,0,0,0.0,0.0,191607.1887935,,,,,,,0,robot_not_discovered
2026-08-18T05:43:15.263+00:00,1787031795.2630863,191607.3265118,19.38263740000548,send_error,1,557,0,0,0.0,0.0,191607.3265012,,,,,,,0,robot_not_discovered
2026-08-18T05:43:15.266+00:00,1787031795.2673879,191607.3306925,19.3868180999998,sent,2,558,-18,18,0.0,0.0,191607.3304149,191607.3305224,,,,,0,1,
2026-08-18T05:43:15.267+00:00,1787031795.2673879,191607.3307885,19.386914100003196,sent,3,559,0,0,0.0,0.0,191607.3307306,191607.3307326,,,,,0,1,
2026-08-18T05:43:15.267+00:00,1787031795.2673879,191607.330809,19.386934600013774,send_error,10,560,0,0,0.0,0.0,191607.3308068,,,,,,,0,robot_not_discovered
2026-08-18T05:43:15.399+00:00,1787031795.399503,191607.4631819,19.519307500013383,send_error,1,561,0,0,0.0,0.0,191607.4631719,,,,,,,0,robot_not_discovered
2026-08-18T05:43:15.402+00:00,1787031795.4025023,191607.4665392,19.522664799995255,sent,2,562,-18,18,0.0,0.0,191607.4662795,191607.4663756,,,,,0,1,
2026-08-18T05:43:15.402+00:00,1787031795.4025023,191607.4667035,19.52282909999485,sent,3,563,0,0,0.0,0.0,191607.4665768,191607.4665796,,,,,0,1,
2026-08-18T05:43:15.402+00:00,1787031795.4025023,191607.4667344,19.52285999999731,send_error,10,564,0,0,0.0,0.0,191607.4667314,,,,,,,0,robot_not_discovered
2026-08-18T05:43:15.533+00:00,1787031795.5334969,191607.597426,19.653551600000355,send_error,1,565,0,0,0.0,0.0,191607.5974145,,,,,,,0,robot_not_discovered
2026-08-18T05:43:15.537+00:00,1787031795.5374973,191607.6013267,19.657452300016303,sent,2,566,0,0,0.0,0.0,191607.600906,191607.6009099,,,,,0,1,
2026-08-18T05:43:15.537+00:00,1787031795.5374973,191607.6015256,19.657651200017426,sent,3,567,0,0,0.0,0.0,191607.6014112,191607.6014132,,,,,0,1,
2026-08-18T05:43:15.537+00:00,1787031795.5374973,191607.6015579,19.65768350000144,send_error,10,568,0,0,0.0,0.0,191607.6015549,,,,,,,0,robot_not_discovered
2026-08-18T05:43:15.670+00:00,1787031795.6717284,191607.7350258,19.791151400015224,send_error,1,569,0,0,0.0,0.0,191607.735014,,,,,,,0,robot_not_discovered
2026-08-18T05:43:15.671+00:00,1787031795.6717284,191607.7356216,19.79174720001174,sent,2,570,0,0,0.0,0.0,191607.7350754,191607.7350771,,,,,0,1,
2026-08-18T05:43:15.671+00:00,1787031795.6717284,191607.7358278,19.791953400010243,sent,3,571,0,0,0.0,0.0,191607.7356623,191607.7356644,,,,,0,1,
2026-08-18T05:43:15.671+00:00,1787031795.6717284,191607.7358575,19.791983100003563,send_error,10,572,0,0,0.0,0.0,191607.7358547,,,,,,,0,robot_not_discovered
2026-08-18T05:43:15.813+00:00,1787031795.813202,191607.8766851,19.932810700003756,send_error,1,573,0,0,0.0,0.0,191607.8766652,,,,,,,0,robot_not_discovered
2026-08-18T05:43:15.813+00:00,1787031795.813202,191607.8771167,19.93324230000144,sent,2,574,0,0,0.0,0.0,191607.8767847,191607.8767864,,,,,0,1,
2026-08-18T05:43:15.813+00:00,1787031795.813202,191607.8773352,19.933460800006287,sent,3,575,0,0,0.0,0.0,191607.8771687,191607.8771797,,,,,0,1,
2026-08-18T05:43:15.813+00:00,1787031795.813202,191607.8773738,19.93349940000917,send_error,10,576,0,0,0.0,0.0,191607.8773711,,,,,,,0,robot_not_discovered
2026-08-18T05:43:15.966+00:00,1787031795.9667895,191608.0309361,20.087061700003687,send_error,1,577,0,0,0.0,0.0,191608.0309173,,,,,,,0,robot_not_discovered
2026-08-18T05:43:15.967+00:00,1787031795.9677877,191608.0314402,20.087565800000448,sent,2,578,0,0,0.0,0.0,191608.0310259,191608.0310282,,,,,0,1,
2026-08-18T05:43:15.967+00:00,1787031795.9677877,191608.0317048,20.08783040000708,sent,3,579,0,0,0.0,0.0,191608.0314891,191608.0314914,,,,,0,1,
2026-08-18T05:43:15.967+00:00,1787031795.9677877,191608.0317938,20.08791940001538,send_error,10,580,0,0,0.0,0.0,191608.0317698,,,,,,,0,robot_not_discovered
2026-08-18T05:43:16.099+00:00,1787031796.099047,191608.163216,20.21934159999364,send_error,1,581,0,0,0.0,0.0,191608.1632068,,,,,,,0,robot_not_discovered
2026-08-18T05:43:16.100+00:00,1787031796.1000335,191608.1634897,20.219615300011355,sent,2,582,0,0,0.0,0.0,191608.1632569,191608.1632587,,,,,0,1,
2026-08-18T05:43:16.100+00:00,1787031796.1000335,191608.1636105,20.219736099999864,sent,3,583,0,0,0.0,0.0,191608.1635211,191608.1635229,,,,,0,1,
2026-08-18T05:43:16.100+00:00,1787031796.1000335,191608.1636395,20.219765100016957,send_error,10,584,0,0,0.0,0.0,191608.1636367,,,,,,,0,robot_not_discovered
2026-08-18T05:43:16.236+00:00,1787031796.2366784,191608.3008368,20.35696239999379,send_error,1,585,0,0,0.0,0.0,191608.3008145,,,,,,,0,robot_not_discovered
2026-08-18T05:43:16.237+00:00,1787031796.2376924,191608.301303,20.357428599993,sent,2,586,0,0,0.0,0.0,191608.3009179,191608.3009194,,,,,0,1,
2026-08-18T05:43:16.237+00:00,1787031796.2376924,191608.3014463,20.357571900007315,sent,3,587,0,0,0.0,0.0,191608.3013346,191608.3013365,,,,,0,1,
2026-08-18T05:43:16.237+00:00,1787031796.2376924,191608.3014826,20.357608200021787,send_error,10,588,0,0,0.0,0.0,191608.3014796,,,,,,,0,robot_not_discovered
2026-08-18T05:43:16.377+00:00,1787031796.3775804,191608.4413844,20.49751000001561,send_error,1,589,0,0,0.0,0.0,191608.4413749,,,,,,,0,robot_not_discovered
2026-08-18T05:43:16.377+00:00,1787031796.3775804,191608.4416759,20.49780149999424,sent,2,590,0,0,0.0,0.0,191608.4414295,191608.4414315,,,,,0,1,
2026-08-18T05:43:16.377+00:00,1787031796.3775804,191608.4417728,20.497898400004487,sent,3,591,0,0,0.0,0.0,191608.4417092,191608.4417108,,,,,0,1,
2026-08-18T05:43:16.377+00:00,1787031796.3775804,191608.4417896,20.497915200015996,send_error,10,592,0,0,0.0,0.0,191608.4417876,,,,,,,0,robot_not_discovered
2026-08-18T05:43:16.517+00:00,1787031796.5170105,191608.5808026,20.636928199994145,send_error,1,593,0,0,0.0,0.0,191608.5807632,,,,,,,0,robot_not_discovered
2026-08-18T05:43:16.517+00:00,1787031796.5170105,191608.5811749,20.63730050000595,sent,2,594,0,0,0.0,0.0,191608.5808529,191608.5808543,,,,,0,1,
2026-08-18T05:43:16.518+00:00,1787031796.5180092,191608.5813317,20.637457300006645,sent,3,595,0,0,0.0,0.0,191608.58121,191608.5812118,,,,,0,1,
2026-08-18T05:43:16.518+00:00,1787031796.5180092,191608.5813636,20.637489200016716,send_error,10,596,0,0,0.0,0.0,191608.5813613,,,,,,,0,robot_not_discovered
2026-08-18T05:43:16.659+00:00,1787031796.6595979,191608.7232071,20.779332700010855,send_error,1,597,0,0,0.0,0.0,191608.7231976,,,,,,,0,robot_not_discovered
2026-08-18T05:43:16.659+00:00,1787031796.6595979,191608.723641,20.779766599996947,sent,2,598,0,0,0.0,0.0,191608.7232499,191608.7232513,,,,,0,1,
2026-08-18T05:43:16.660+00:00,1787031796.6605928,191608.7239093,20.780034900002647,sent,3,599,0,0,0.0,0.0,191608.7237024,191608.7237045,,,,,0,1,
2026-08-18T05:43:16.660+00:00,1787031796.6605928,191608.7239394,20.780064999999013,send_error,10,600,0,0,0.0,0.0,191608.7239365,,,,,,,0,robot_not_discovered
2026-08-18T05:43:16.801+00:00,1787031796.8015234,191608.8653373,20.92146290000528,send_error,1,601,0,0,0.0,0.0,191608.8653274,,,,,,,0,robot_not_discovered
2026-08-18T05:43:16.801+00:00,1787031796.8015234,191608.8656817,20.921807300008368,send_error,1,603,0,0,0.0,0.0,191608.8656769,,,,,,,0,robot_not_discovered
2026-08-18T05:43:16.801+00:00,1787031796.8015234,191608.865779,20.921904600021662,sent,2,602,0,0,0.0,0.0,191608.8653824,191608.865384,,,,,0,1,
2026-08-18T05:43:16.802+00:00,1787031796.802514,191608.8658975,20.92202310002176,sent,2,604,0,0,0.0,0.0,191608.8656892,191608.8656904,,,,,0,1,
2026-08-18T05:43:16.802+00:00,1787031796.802514,191608.8659564,20.922082000004593,sent,3,605,0,0,0.0,0.0,191608.8658098,191608.8658116,,,,,0,1,
2026-08-18T05:43:16.802+00:00,1787031796.802514,191608.8659884,20.922114000015426,send_error,10,607,0,0,0.0,0.0,191608.8659855,,,,,,,0,robot_not_discovered
2026-08-18T05:43:16.802+00:00,1787031796.802514,191608.8660881,20.922213700017892,sent,3,606,0,0,0.0,0.0,191608.8659226,191608.8659245,,,,,0,1,
2026-08-18T05:43:16.802+00:00,1787031796.802514,191608.8661077,20.922233300021617,send_error,10,608,0,0,0.0,0.0,191608.8661052,,,,,,,0,robot_not_discovered
