wall_time_iso,t_wall,t_perf,session_elapsed_s,frame_seq,frame_received_perf,frame_wait_ms,processing_ms,robot_id,detected,accepted,workspace_markers_seen,homography_valid,homography_age_ms,calibration_enabled,homography_mode,parallax_enabled,alignment_enabled,pose_filter_enabled,pixel_x,pixel_y,floor_x,floor_y,corrected_x,corrected_y,aligned_x,aligned_y,raw_yaw,x,y,yaw,pose_age_ms,cam_x,cam_y,cam_z
2026-08-18T05:50:46.465+00:00,1787032246.4655719,192058.5177276,0.2240491000120528,411,192058.4164975,26.30609998595901,74.89710001391359,1,0,0,4,1,0.0,1,estabilizada,1,1,1,,,,,,,,,,,,,nan,0.5415293147098261,-0.2495861238352401,1.5826962843821948
2026-08-18T05:50:46.465+00:00,1787032246.4655719,192058.5177693,0.22409080000943504,411,192058.4164975,26.30609998595901,74.89710001391359,2,1,1,4,1,0.0,1,estabilizada,1,1,1,1012.25,393.0,1.0654059648513794,0.6486104130744934,1.0356157271551152,0.597534480743338,1.0227544771551151,0.5860899807433381,0.9873615026144278,1.021906591500195,0.5857071884498432,1.0028063974692076,0.0,0.5415293147098261,-0.2495861238352401,1.5826962843821948
2026-08-18T05:50:46.465+00:00,1787032246.4655719,192058.5177805,0.22410200000740588,411,192058.4164975,26.30609998595901,74.89710001391359,3,1,1,4,1,0.0,1,estabilizada,1,1,1,461.25,387.5,0.17915309965610504,0.6769773960113525,0.19975961758166255,0.6242883756294384,0.18689836758166256,0.6128438756294384,-1.3898261250262314,0.18565554020645042,0.6100194314983615,-1.3712912497976837,0.0,0.5415293147098261,-0.2495861238352401,1.5826962843821948
2026-08-18T05:50:46.465+00:00,1787032246.4655719,192058.5177903,0.22411179999471642,411,192058.4164975,26.30609998595901,74.89710001391359,10,0,0,4,1,0.0,1,estabilizada,1,1,1,,,,,,,,,,,,,nan,0.5415293147098261,-0.2495861238352401,1.5826962843821948
2026-08-18T05:50:46.603+00:00,1787032246.6036334,192058.6555353,0.3618568000092637,415,192058.5503784,29.67499999795109,75.45550001668744,1,0,0,4,1,0.0,1,estabilizada,1,1,1,,,,,,,,,,,,,nan,0.5415334588403149,-0.24959914393210667,1.582688164568619
2026-08-18T05:50:46.603+00:00,1787032246.6036334,192058.6555762,0.3618977000005543,415,192058.5503784,29.67499999795109,75.45550001668744,2,1,1,4,1,0.0,1,estabilizada,1,1,1,1012.0,392.75,1.0650608539581299,0.6490805149078369,1.035290323909688,0.5979768476749173,1.022429073909688,0.5865323476749174,0.9983820496570561,1.021906591500195,0.5857071884498432,1.0028063974692076,0.0,0.5415334588403149,-0.24959914393210667,1.582688164568619
2026-08-18T05:50:46.603+00:00,1787032246.6036334,192058.6555879,0.3619094000023324,415,192058.5503784,29.67499999795109,75.45550001668744,3,1,1,4,1,0.0,1,estabilizada,1,1,1,461.25,387.5,0.17915256321430206,0.6769773960113525,0.19975945302144904,0.6242873649226062,0.18689820302144905,0.6128428649226062,-1.3898263309475878,0.18565554020645042,0.6100194314983615,-1.3712912497976837,0.0,0.5415334588403149,-0.24959914393210667,1.582688164568619
2026-08-18T05:50:46.603+00:00,1787032246.6036334,192058.6555977,0.3619192000187468,415,192058.5503784,29.67499999795109,75.45550001668744,10,0,0,4,1,0.0,1,estabilizada,1,1,1,,,,,,,,,,,,,nan,0.5415334588403149,-0.24959914393210667,1.582688164568619
2026-08-18T05:50:46.746+00:00,1787032246.7465372,192058.7984217,0.5047431999992114,420,192058.7161094,5.269899993436411,77.01720000477508,1,0,0,4,1,0.0,1,estabilizada,1,1,1,,,,,,,,,,,,,nan,0.541539452589049,-0.2496128957040992,1.5826793577653235
2026-08-18T05:50:46.746+00:00,1787032246.7465372,192058.7984644,0.5047859000042081,420,192058.7161094,5.269899993436411,77.01720000477508,2,1,1,4,1,0.0,1,estabilizada,1,1,1,1011.75,393.0,1.064579725265503,0.6486262679100037,1.034836730065675,0.5975473653334172,1.0219754800656748,0.5861028653334173,1.0378660825812531,1.021906591500195,0.5857071884498432,1.0028063974692076,0.0,0.541539452589049,-0.2496128957040992,1.5826793577653235
2026-08-18T05:50:46.746+00:00,1787032246.7465372,192058.7984769,0.5047984000120778,420,192058.7161094,5.269899993436411,77.01720000477508,3,1,1,4,1,0.0,1,estabilizada,1,1,1,461.25,387.75,0.17918241024017334,0.6765226721763611,0.19978805828340418,0.62385742403227,0.1869268082834042,0.61241292403227,-1.3898265368684826,0.18565554020645042,0.6100194314983615,-1.3712912497976837,0.0,0.541539452589049,-0.2496128957040992,1.5826793577653235
2026-08-18T05:50:46.746+00:00,1787032246.7465372,192058.7984869,0.5048084000009112,420,192058.7161094,5.269899993436411,77.01720000477508,10,0,0,4,1,0.0,1,estabilizada,1,1,1,,,,,,,,,,,,,nan,0.541539452589049,-0.2496128957040992,1.5826793577653235
2026-08-18T05:50:46.889+00:00,1787032246.8892314,192058.941623,0.6479445000004489,424,192058.8559703,5.78720000339672,79.83849997981451,1,0,0,4,1,0.0,1,estabilizada,1,1,1,,,,,,,,,,,,,nan,0.5415470884572087,-0.24962728701308218,1.5826699411448384
2026-08-18T05:50:46.889+00:00,1787032246.8892314,192058.9416667,0.6479882000130601,424,192058.8559703,5.78720000339672,79.83849997981451,2,1,1,4,1,0.0,1,estabilizada,1,1,1,1011.75,392.75,1.0646460056304932,0.6490879654884338,1.0348994985909137,0.59798168576303,1.0220382485909136,0.58653718576303,1.0246043532040716,1.021906591500195,0.5857071884498432,1.0028063974692076,0.0,0.5415470884572087,-0.24962728701308218,1.5826699411448384
2026-08-18T05:50:46.889+00:00,1787032246.8892314,192058.9416785,0.6480000000155997,424,192058.8559703,5.78720000339672,79.83849997981451,3,1,1,4,1,0.0,1,estabilizada,1,1,1,461.25,387.75,0.17918181419372559,0.6765231490135193,0.19978805295259322,0.6238567420290664,0.18692680295259323,0.6124122420290664,-1.3898272300643146,0.18565554020645042,0.6100194314983615,-1.3712912497976837,0.0,0.5415470884572087,-0.24962728701308218,1.5826699411448384
2026-08-18T05:50:46.889+00:00,1787032246.8892314,192058.9416881,0.6480096000013873,424,192058.8559703,5.78720000339672,79.83849997981451,10,0,0,4,1,0.0,1,estabilizada,1,1,1,,,,,,,,,,,,,nan,0.5415470884572087,-0.24962728701308218,1.5826699411448384
2026-08-18T05:50:47.037+00:00,1787032247.0371532,192059.0894291,0.7957505999947898,428,192058.9854141,19.455800007563084,84.53259998350404,1,0,0,4,1,0.0,1,estabilizada,1,1,1,,,,,,,,,,,,,nan,0.5415546374291821,-0.24964129589386916,1.5826603290416448
2026-08-18T05:50:47.037+00:00,1787032247.0371532,192059.0894728,0.795794300007401,428,192058.9854141,19.455800007563084,84.53259998350404,2,1,1,4,1,0.0,1,estabilizada,1,1,1,1011.75,393.0,1.064576268196106,0.6486252546310425,1.03483397548474,0.5975441805283032,1.02197272548474,0.5860996805283032,1.0378677144161403,1.021906591500195,0.5857071884498432,1.0028063974692076,0.0,0.5415546374291821,-0.24964129589386916,1.5826603290416448
2026-08-18T05:50:47.037+00:00,1787032247.0371532,192059.0894845,0.7958060000091791,428,192058.9854141,19.455800007563084,84.53259998350404,3,1,1,4,1,0.0,1,estabilizada,1,1,1,461.25,387.75,0.17918115854263306,0.6765236258506775,0.19978798901745648,0.6238560752540921,0.1869267390174565,0.6124115752540922,-1.3898275114197771,0.18565554020645042,0.6100194314983615,-1.3712912497976837,0.0,0.5415546374291821,-0.24964129589386916,1.5826603290416448
2026-08-18T05:50:47.037+00:00,1787032247.0371532,192059.0894946,0.795816099998774,428,192058.9854141,19.455800007563084,84.53259998350404,10,0,0,4,1,0.0,1,estabilizada,1,1,1,,,,,,,,,,,,,nan,0.5415546374291821,-0.24964129589386916,1.5826603290416448
2026-08-18T05:50:47.184+00:00,1787032247.184373,192059.2359426,0.9422641000128351,433,192059.149539,9.258300007786602,77.11859999108128,1,0,0,4,1,0.0,1,estabilizada,1,1,1,,,,,,,,,,,,,nan,0.5415636475030916,-0.2496558496254829,1.5826502371541251
2026-08-18T05:50:47.184+00:00,1787032247.184373,192059.2359862,0.9423076999955811,433,192059.149539,9.258300007786602,77.11859999108128,2,1,1,4,1,0.0,1,estabilizada,1,1,1,1011.75,393.0,1.0645742416381836,0.648624837398529,1.0348323868890257,0.5975426336783093,1.0219711368890256,0.5860981336783093,1.0375522457557607,1.021906591500195,0.5857071884498432,1.0117255228503321,0.0,0.5415636475030916,-0.2496558496254829,1.5826502371541251
2026-08-18T05:50:47.184+00:00,1787032247.184373,192059.2359995,0.9423210000095423,433,192059.149539,9.258300007786602,77.11859999108128,3,1,1,4,1,0.0,1,estabilizada,1,1,1,462.5,390.0,0.18141642212867737,0.6723929047584534,0.20189678444927567,0.6199590909274364,0.18903553444927568,0.6085145909274364,-1.2666028120892774,0.18565554020645042,0.6100194314983615,-1.3712912497976837,0.0,0.5415636475030916,-0.2496558496254829,1.5826502371541251
2026-08-18T05:50:47.184+00:00,1787032247.184373,192059.2360092,0.9423306999960914,433,192059.149539,9.258300007786602,77.11859999108128,10,0,0,4,1,0.0,1,estabilizada,1,1,1,,,,,,,,,,,,,nan,0.5415636475030916,-0.2496558496254829,1.5826502371541251
2026-08-18T05:50:47.322+00:00,1787032247.3226655,192059.3741437,1.0804652000078931,437,192059.282843,9.635099995648488,81.63890001014806,1,0,0,4,1,0.0,1,estabilizada,1,1,1,,,,,,,,,,,,,nan,0.541576111834043,-0.24966969236803394,1.5826413120215963
2026-08-18T05:50:47.322+00:00,1787032247.3226655,192059.3741879,1.0805093999952078,437,192059.282843,9.635099995648488,81.63890001014806,2,1,1,4,1,0.0,1,estabilizada,1,1,1,1009.5,394.75,1.0603938102722168,0.6454689502716064,1.0308902250285135,0.5945651369908443,1.0180289750285134,0.5831206369908444,1.228926395459363,1.021906591500195,0.5857071884498432,1.027641746969792,0.0,0.541576111834043,-0.24966969236803394,1.5826413120215963
2026-08-18T05:50:47.322+00:00,1787032247.3226655,192059.3741995,1.0805209999962244,437,192059.282843,9.635099995648488,81.63890001014806,3,1,1,4,1,0.0,1,estabilizada,1,1,1,462.75,390.75,0.1818985491991043,0.671023964881897,0.20235231872430093,0.6186669156104805,0.18949106872430094,0.6072224156104805,-1.23795128937997,0.18565554020645042,0.6100194314983615,-1.316737671213114,0.0,0.541576111834043,-0.24966969236803394,1.5826413120215963
2026-08-18T05:50:47.322+00:00,1787032247.3226655,192059.3742094,1.0805309000134002,437,192059.282843,9.635099995648488,81.63890001014806,10,0,0,4,1,0.0,1,estabilizada,1,1,1,,,,,,,,,,,,,nan,0.541576111834043,-0.24966969236803394,1.5826413120215963
2026-08-18T05:50:47.458+00:00,1787032247.4588768,192059.5109292,1.2172507000213955,441,192059.4179196,16.5465000027325,76.43600000301376,1,0,0,4,1,0.0,1,estabilizada,1,1,1,,,,,,,,,,,,,nan,0.5415860890967926,-0.24968148439225546,1.5826333586996102
2026-08-18T05:50:47.458+00:00,1787032247.4588768,192059.5109723,1.2172938000003342,441,192059.4179196,16.5465000027325,76.43600000301376,2,1,1,4,1,0.0,1,estabilizada,1,1,1,1007.25,393.25,1.0570915937423706,0.6483162641525269,1.027776215570244,0.5972496055832692,1.0149149655702439,0.5858051055832693,1.493664412016532,1.021906591500195,0.5857071884498432,1.1017415518613252,0.0,0.5415860890967926,-0.24968148439225546,1.5826333586996102
2026-08-18T05:50:47.458+00:00,1787032247.4588768,192059.5110094,1.2173309000208974,441,192059.4179196,16.5465000027325,76.43600000301376,3,1,1,4,1,0.0,1,estabilizada,1,1,1,465.0,391.25,0.18548940122127533,0.6700443625450134,0.20573963904965636,0.6177420868667303,0.19287838904965637,0.6062975868667303,-1.2002001060623788,0.18565554020645042,0.6100194314983615,-1.2995437395892238,0.0,0.5415860890967926,-0.24968148439225546,1.5826333586996102
2026-08-18T05:50:47.458+00:00,1787032247.4588768,192059.5110336,1.2173551000014413,441,192059.4179196,16.5465000027325,76.43600000301376,10,0,0,4,1,0.0,1,estabilizada,1,1,1,,,,,,,,,,,,,nan,0.5415860890967926,-0.24968148439225546,1.5826333586996102
2026-08-18T05:50:47.604+00:00,1787032247.6048474,192059.6566432,1.36296470000525,445,192059.5526437,23.827700002584606,80.1476999768056,1,0,0,4,1,0.0,1,estabilizada,1,1,1,,,,,,,,,,,,,nan,0.5415938184349878,-0.2496914039600962,1.5826262984206734
2026-08-18T05:50:47.604+00:00,1787032247.6048474,192059.6566858,1.3630073000094853,445,192059.5526437,23.827700002584606,80.1476999768056,2,1,1,4,1,0.0,1,estabilizada,1,1,1,1005.75,393.5,1.0545533895492554,0.6479055285453796,1.0253826614712787,0.596861435567708,1.0125214114712786,0.585416935567708,1.6107750139181873,1.021906591500195,0.5857071884498432,1.2186110582365317,0.0,0.5415938184349878,-0.2496914039600962,1.5826262984206734
2026-08-18T05:50:47.604+00:00,1787032247.6048474,192059.6566972,1.363018700008979,445,192059.5526437,23.827700002584606,80.1476999768056,3,1,1,4,1,0.0,1,estabilizada,1,1,1,469.25,393.25,0.19239240884780884,0.6662803888320923,0.21225061978124826,0.6141913634989717,0.19938936978124827,0.6027468634989718,-1.0199760579843788,0.18722708654744805,0.6092096331155387,-1.2459832720969761,0.0,0.5415938184349878,-0.2496914039600962,1.5826262984206734
2026-08-18T05:50:47.604+00:00,1787032247.6048474,192059.6568496,1.3631711000052746,445,192059.5526437,23.827700002584606,80.1476999768056,10,0,0,4,1,0.0,1,estabilizada,1,1,1,,,,,,,,,,,,,nan,0.5415938184349878,-0.2496914039600962,1.5826262984206734
2026-08-18T05:50:47.741+00:00,1787032247.7416763,192059.7940143,1.5003357999958098,449,192059.6835848,31.575700006214902,78.82910000625998,1,0,0,4,1,0.0,1,estabilizada,1,1,1,,,,,,,,,,,,,nan,0.5415998045259129,-0.24969977117566786,1.5826205342494928
2026-08-18T05:50:47.741+00:00,1787032247.7416763,192059.7940591,1.500380600016797,449,192059.6835848,31.575700006214902,78.82910000625998,2,1,1,4,1,0.0,1,estabilizada,1,1,1,1004.75,393.5,1.0529059171676636,0.6479396224021912,1.023829111236051,0.5968929288495145,1.0109678612360509,0.5854484288495145,1.852318629695526,1.017856498640409,0.5855995028783956,1.6122605878289096,0.0,0.5415998045259129,-0.24969977117566786,1.5826205342494928
2026-08-18T05:50:47.741+00:00,1787032247.7416763,192059.7940711,1.5003926000208594,449,192059.6835848,31.575700006214902,78.82910000625998,3,1,1,4,1,0.0,1,estabilizada,1,1,1,473.75,396.0,0.19976229965686798,0.6611571311950684,0.21920181454525756,0.6093587882320527,0.20634056454525757,0.5979142882320527,-0.8584981726795178,0.19018023141471063,0.6077422781400577,-1.2047226324963616,0.0,0.5415998045259129,-0.24969977117566786,1.5826205342494928
2026-08-18T05:50:47.741+00:00,1787032247.7416763,192059.7940813,1.5004028000112157,449,192059.6835848,31.575700006214902,78.82910000625998,10,0,0,4,1,0.0,1,estabilizada,1,1,1,,,,,,,,,,,,,nan,0.5415998045259129,-0.24969977117566786,1.5826205342494928
2026-08-18T05:50:47.884+00:00,1787032247.8848855,192059.9367933,1.643114800011972,454,192059.8492429,7.050299987895414,80.47509999596514,1,0,0,4,1,0.0,1,estabilizada,1,1,1,,,,,,,,,,,,,nan,0.5416039435883617,-0.2497078975874529,1.58261384004194
2026-08-18T05:50:47.884+00:00,1787032247.8848855,192059.9368376,1.643159100000048,454,192059.8492429,7.050299987895414,80.47509999596514,2,1,1,4,1,0.0,1,estabilizada,1,1,1,1001.5,394.0,1.0474237203598022,0.6471269130706787,1.0186587880954519,0.5961257585773672,1.0057975380954518,0.5846812585773672,2.0538277237183937,1.017856498640409,0.5855995028783956,1.8327538115715094,0.0,0.5416039435883617,-0.2497078975874529,1.58261384004194
2026-08-18T05:50:47.884+00:00,1787032247.8848855,192059.9368493,1.6431708000018261,454,192059.8492429,7.050299987895414,80.47509999596514,3,1,1,4,1,0.0,1,estabilizada,1,1,1,477.75,397.25,0.206170454621315,0.6587677001953125,0.22524586849879902,0.6071045580365897,0.21238461849879903,0.5956600580365897,-0.6491707384732934,0.19595139669864903,0.6043716379461361,-0.967556834614643,0.0,0.5416039435883617,-0.2497078975874529,1.58261384004194
2026-08-18T05:50:47.884+00:00,1787032247.8848855,192059.9368593,1.6431808000197634,454,192059.8492429,7.050299987895414,80.47509999596514,10,0,0,4,1,0.0,1,estabilizada,1,1,1,,,,,,,,,,,,,nan,0.5416039435883617,-0.2497078975874529,1.58261384004194
2026-08-18T05:50:48.043+00:00,1787032248.0438993,192060.0958651,1.8021866000199225,458,192059.98308,13.485899980878457,99.27100001368672,1,0,0,4,1,0.0,1,estabilizada,1,1,1,,,,,,,,,,,,,nan,0.5416087474559224,-0.24971765020952605,1.582605652042633
2026-08-18T05:50:48.043+00:00,1787032248.0438993,192060.0959134,1.8022349000093527,458,192059.98308,13.485899980878457,99.27100001368672,2,1,1,4,1,0.0,1,estabilizada,1,1,1,1001.75,395.0,1.0475692749023438,0.6452722549438477,1.018796189572208,0.5943757531148287,1.005934939572208,0.5829312531148287,2.3558910894857563,1.0133192098801227,0.5852234554808077,1.9740706632941025,0.0,0.5416087474559224,-0.24971765020952605,1.582605652042633
2026-08-18T05:50:48.043+00:00,1787032248.0438993,192060.0959289,1.802250400010962,458,192059.98308,13.485899980878457,99.27100001368672,3,1,1,4,1,0.0,1,estabilizada,1,1,1,482.75,398.5,0.2141408920288086,0.6563470959663391,0.23276341302789721,0.6048207874064154,0.21990216302789722,0.5933762874064155,-0.46974500348063314,0.2073859119892123,0.5985606568050668,-0.7114707736397823,0.0,0.5416087474559224,-0.24971765020952605,1.582605652042633
2026-08-18T05:50:48.043+00:00,1787032248.0438993,192060.095942,1.8022635000234004,458,192059.98308,13.485899980878457,99.27100001368672,10,0,0,4,1,0.0,1,estabilizada,1,1,1,,,,,,,,,,,,,nan,0.5416087474559224,-0.24971765020952605,1.582605652042633
2026-08-18T05:50:48.198+00:00,1787032248.1984305,192060.2503477,1.9566692000080366,463,192060.1495807,19.31440000771545,81.42760000191629,1,0,0,4,1,0.0,1,estabilizada,1,1,1,,,,,,,,,,,,,nan,0.5416152242315135,-0.24972825839805274,1.582596922961615
2026-08-18T05:50:48.198+00:00,1787032248.1984305,192060.2503918,1.9567132999945898,463,192060.1495807,19.31440000771545,81.42760000191629,2,1,1,4,1,0.0,1,estabilizada,1,1,1,1002.5,396.25,1.0484702587127686,0.6429412961006165,1.0196461453573937,0.5921764685319297,1.0067848953573937,0.5807319685319298,2.5954693542587846,1.0117938669101938,0.5842424955637486,2.330222239976428,0.0,0.5416152242315135,-0.24972825839805274,1.582596922961615
2026-08-18T05:50:48.198+00:00,1787032248.1984305,192060.2504045,1.9567260000039823,463,192060.1495807,19.31440000771545,81.42760000191629,3,1,1,4,1,0.0,1,estabilizada,1,1,1,490.0,400.5,0.22570785880088806,0.6525020599365234,0.24367305415559048,0.6011935255447365,0.2308118041555905,0.5897490255447365,-0.33663049252614147,0.2174906836404344,0.5944558604097999,-0.531161463634245,0.0,0.5416152242315135,-0.24972825839805274,1.582596922961615
2026-08-18T05:50:48.198+00:00,1787032248.1984305,192060.250417,1.956738500011852,463,192060.1495807,19.31440000771545,81.42760000191629,10,0,0,4,1,0.0,1,estabilizada,1,1,1,,,,,,,,,,,,,nan,0.5416152242315135,-0.24972825839805274,1.582596922961615
2026-08-18T05:50:48.341+00:00,1787032248.3410122,192060.3933588,2.099680300016189,467,192060.283318,29.156000004149973,80.85689999279566,1,0,0,4,1,0.0,1,estabilizada,1,1,1,,,,,,,,,,,,,nan,0.5416190012950836,-0.24973839474712148,1.5825875624421077
2026-08-18T05:50:48.341+00:00,1787032248.3410122,192060.3934067,2.0997282000025734,467,192060.283318,29.156000004149973,80.85689999279566,2,1,1,4,1,0.0,1,estabilizada,1,1,1,1001.25,396.75,1.0462819337844849,0.6420626640319824,1.0175823123531382,0.5913469265935647,1.0047210623531382,0.5799024265935647,2.67229770222175,1.0117938669101938,0.5842424955637486,2.3753111038738033,0.0,0.5416190012950836,-0.24973839474712148,1.5825875624421077
2026-08-18T05:50:48.341+00:00,1787032248.3410122,192060.3934187,2.099740200006636,467,192060.283318,29.156000004149973,80.85689999279566,3,1,1,4,1,0.0,1,estabilizada,1,1,1,497.0,402.25,0.23684623837471008,0.649118959903717,0.2541783274886336,0.5980019387426622,0.24131707748863362,0.5865574387426622,-0.2499359678069966,0.223077588701187,0.5923859979340155,-0.44140219057077557,0.0,0.5416190012950836,-0.24973839474712148,1.5825875624421077
2026-08-18T05:50:48.341+00:00,1787032248.3410122,192060.3934323,2.0997538000228815,467,192060.283318,29.156000004149973,80.85689999279566,10,0,0,4,1,0.0,1,estabilizada,1,1,1,,,,,,,,,,,,,nan,0.5416190012950836,-0.24973839474712148,1.5825875624421077
2026-08-18T05:50:48.484+00:00,1787032248.4844086,192060.5359568,2.242278300022008,472,192060.4501565,2.344299980904907,83.43200001399964,1,0,0,4,1,0.0,1,estabilizada,1,1,1,,,,,,,,,,,,,nan,0.5416193603653459,-0.24974749910013805,1.5825788923323432
2026-08-18T05:50:48.484+00:00,1787032248.4844086,192060.5359983,2.2423198000178672,472,192060.4501565,2.344299980904907,83.43200001399964,2,1,1,4,1,0.0,1,estabilizada,1,1,1,999.0,397.25,1.0424525737762451,0.6412186622619629,1.0139705881859082,0.5905501269294761,1.0011093381859082,0.5791056269294761,2.7483313938833684,1.0102577150274124,0.583411498910227,2.522727243435079,0.0,0.5416193603653459,-0.24974749910013805,1.5825788923323432
2026-08-18T05:50:48.484+00:00,1787032248.4844086,192060.5360095,2.242331000015838,472,192060.4501565,2.344299980904907,83.43200001399964,3,1,1,4,1,0.0,1,estabilizada,1,1,1,506.0,403.25,0.2510402202606201,0.647020161151886,0.26756522431326696,0.5960216992023927,0.25470397431326697,0.5845771992023927,-0.15810162915391157,0.23796611710927293,0.5882678735727935,-0.3300150711884993,0.0,0.5416193603653459,-0.24974749910013805,1.5825788923323432
2026-08-18T05:50:48.484+00:00,1787032248.4844086,192060.5360202,2.2423417000100017,472,192060.4501565,2.344299980904907,83.43200001399964,10,0,0,4,1,0.0,1,estabilizada,1,1,1,,,,,,,,,,,,,nan,0.5416193603653459,-0.24974749910013805,1.5825788923323432
2026-08-18T05:50:48.632+00:00,1787032248.632806,192060.6843535,2.390675000002375,476,192060.5850316,7.512899988796562,91.77490000729449,1,0,0,4,1,0.0,1,estabilizada,1,1,1,,,,,,,,,,,,,nan,0.5416217931255298,-0.2497574648363327,1.582569783478855
2026-08-18T05:50:48.632+00:00,1787032248.632806,192060.6844282,2.3907497000182047,476,192060.5850316,7.512899988796562,91.77490000729449,2,1,1,4,1,0.0,1,estabilizada,1,1,1,994.75,396.5,1.0356652736663818,0.6427454352378845,1.007569253059357,0.5919892146621915,0.9947080030593569,0.5805447146621915,2.7729530797594895,1.0051541931777024,0.5822091224730207,2.63807139328731,0.0,0.5416217931255298,-0.2497574648363327,1.582569783478855
2026-08-18T05:50:48.632+00:00,1787032248.632806,192060.6844437,2.390765200019814,476,192060.5850316,7.512899988796562,91.77490000729449,3,1,1,4,1,0.0,1,estabilizada,1,1,1,513.5,403.75,0.26283928751945496,0.6458708047866821,0.2786935176244884,0.5949368459132354,0.2658322676244884,0.5834923459132354,-0.12424917815776099,0.2545301581415368,0.5853525624172558,-0.21368936303437214,0.0,0.5416217931255298,-0.2497574648363327,1.582569783478855
2026-08-18T05:50:48.632+00:00,1787032248.632806,192060.6844582,2.390779700013809,476,192060.5850316,7.512899988796562,91.77490000729449,10,0,0,4,1,0.0,1,estabilizada,1,1,1,,,,,,,,,,,,,nan,0.5416217931255298,-0.2497574648363327,1.582569783478855
2026-08-18T05:50:48.778+00:00,1787032248.7789824,192060.8310499,2.537371400016127,480,192060.7179907,28.96409999812022,84.06490000197664,1,0,0,4,1,0.0,1,estabilizada,1,1,1,,,,,,,,,,,,,nan,0.5416211110695475,-0.24976663376559657,1.5825611772550932
2026-08-18T05:50:48.778+00:00,1787032248.7789824,192060.8311044,2.5374258999945596,480,192060.7179907,28.96409999812022,84.06490000197664,2,1,1,4,1,0.0,1,estabilizada,1,1,1,990.25,395.5,1.0285295248031616,0.6447418928146362,1.000839121508906,0.5938713365610979,0.987977871508906,0.582426836561098,2.810376750564176,1.0010237476626465,0.5816437584638037,2.691100182029946,0.0,0.5416211110695475,-0.24976663376559657,1.5825611772550932
2026-08-18T05:50:48.778+00:00,1787032248.7789824,192060.8311235,2.5374449999944773,480,192060.7179907,28.96409999812022,84.06490000197664,3,1,1,4,1,0.0,1,estabilizada,1,1,1,520.5,404.75,0.27389681339263916,0.6438390016555786,0.2891222512064962,0.5930197926772566,0.2762610012064962,0.5815752926772566,-0.08606098863064425,0.25916748123791505,0.5846035240981599,-0.17413085263537706,0.0,0.5416211110695475,-0.24976663376559657,1.5825611772550932
2026-08-18T05:50:48.778+00:00,1787032248.7789824,192060.8311438,2.5374653000035323,480,192060.7179907,28.96409999812022,84.06490000197664,10,0,0,4,1,0.0,1,estabilizada,1,1,1,,,,,,,,,,,,,nan,0.5416211110695475,-0.24976663376559657,1.5825611772550932
2026-08-18T05:50:48.932+00:00,1787032248.9327278,192060.9851127,2.6914342000090983,485,192060.8859336,15.597200021147728,83.5380999778863,1,0,0,4,1,0.0,1,estabilizada,1,1,1,,,,,,,,,,,,,nan,0.5416171219846821,-0.24977659690003445,1.582551829638694
2026-08-18T05:50:48.933+00:00,1787032248.9337265,192060.9851861,2.6915076000150293,485,192060.8859336,15.597200021147728,83.5380999778863,2,1,1,4,1,0.0,1,estabilizada,1,1,1,982.5,393.0,1.0164281129837036,0.6496186852455139,0.9894255286830882,0.5984699178704955,0.9765642786830881,0.5870254178704956,2.846955713135072,0.9955713126055586,0.5821670629974974,2.7284022933459653,0.0,0.5416171219846821,-0.24977659690003445,1.582551829638694
2026-08-18T05:50:48.933+00:00,1787032248.9337265,192060.9852,2.6915215000044554,485,192060.8859336,15.597200021147728,83.5380999778863,3,1,1,4,1,0.0,1,estabilizada,1,1,1,528.5,403.5,0.28635281324386597,0.645818829536438,0.3008697392341626,0.5948861606217746,0.2880084892341626,0.5834416606217746,0.014372688080361334,0.26654598950539166,0.5837311173959554,-0.13570384991827997,0.0,0.5416171219846821,-0.24977659690003445,1.582551829638694
2026-08-18T05:50:48.933+00:00,1787032248.9337265,192060.9852311,2.6915526000084355,485,192060.8859336,15.597200021147728,83.5380999778863,10,0,0,4,1,0.0,1,estabilizada,1,1,1,,,,,,,,,,,,,nan,0.5416171219846821,-0.24977659690003445,1.582551829638694
2026-08-18T05:50:49.083+00:00,1787032249.083451,192061.1350396,2.841361099999631,490,192061.0496692,8.396899997023866,76.94870000705123,1,0,0,4,1,0.0,1,estabilizada,1,1,1,,,,,,,,,,,,,nan,0.541612523723322,-0.24978487818450634,1.5825441065484978
2026-08-18T05:50:49.083+00:00,1787032249.083451,192061.1350811,2.84140259999549,490,192061.0496692,8.396899997023866,76.94870000705123,2,1,1,4,1,0.0,1,estabilizada,1,1,1,974.75,391.25,1.0041249990463257,0.6531156897544861,0.9778217051243281,0.6017673255741421,0.964960455124328,0.5903228255741422,2.770724678342212,0.9868789776190183,0.5842737484696342,2.753468612952577,0.0,0.541612523723322,-0.24978487818450634,1.5825441065484978
2026-08-18T05:50:49.083+00:00,1787032249.083451,192061.1350931,2.8414145999995526,490,192061.0496692,8.396899997023866,76.94870000705123,3,1,1,4,1,0.0,1,estabilizada,1,1,1,537.5,404.0,0.30052292346954346,0.6446175575256348,0.3142337982142374,0.5937524859735542,0.3013725482142374,0.5823079859735543,0.014352607903421574,0.2835999989696377,0.5828541213682293,-0.07027082795978877,0.0,0.541612523723322,-0.24978487818450634,1.5825441065484978
2026-08-18T05:50:49.083+00:00,1787032249.083451,192061.1351029,2.841424400015967,490,192061.0496692,8.396899997023866,76.94870000705123,10,0,0,4,1,0.0,1,estabilizada,1,1,1,,,,,,,,,,,,,nan,0.541612523723322,-0.24978487818450634,1.5825441065484978
2026-08-18T05:50:49.221+00:00,1787032249.2218142,192061.2739865,2.980307999998331,494,192061.1837718,14.102400018600747,76.0872999962885,1,0,0,4,1,0.0,1,estabilizada,1,1,1,,,,,,,,,,,,,nan,0.5416088966230239,-0.2497950815462883,1.582535387543776
2026-08-18T05:50:49.221+00:00,1787032249.2218142,192061.2740285,2.9803499999979977,494,192061.1837718,14.102400018600747,76.0872999962885,2,1,1,4,1,0.0,1,estabilizada,1,1,1,968.75,390.0,0.9945672154426575,0.6556310057640076,0.9688071288028006,0.6041387304573534,0.9559458788028006,0.5926942304573535,2.8386886438260794,0.9807659365373356,0.5858608774744798,2.763087282098255,0.0,0.5416088966230239,-0.2497950815462883,1.582535387543776
2026-08-18T05:50:49.221+00:00,1787032249.2218142,192061.2740398,2.98036129999673,494,192061.1837718,14.102400018600747,76.0872999962885,3,1,1,4,1,0.0,1,estabilizada,1,1,1,545.5,403.75,0.3130793273448944,0.6447991728782654,0.3260759790450212,0.5939229122069806,0.31321472904502123,0.5824784122069806,0.04729438907722565,0.29753789078086557,0.5825280150220127,-0.023176242136013582,0.0,0.5416088966230239,-0.2497950815462883,1.582535387543776
2026-08-18T05:50:49.221+00:00,1787032249.2218142,192061.2740499,2.9803714000154287,494,192061.1837718,14.102400018600747,76.0872999962885,10,0,0,4,1,0.0,1,estabilizada,1,1,1,,,,,,,,,,,,,nan,0.5416088966230239,-0.2497950815462883,1.582535387543776
2026-08-18T05:50:49.364+00:00,1787032249.3641412,192061.4161667,3.122488199995132,498,192061.3198401,16.97309999144636,79.32940000318922,1,0,0,4,1,0.0,1,estabilizada,1,1,1,,,,,,,,,,,,,nan,0.5416071575632286,-0.24980500848554169,1.5825267315957574
2026-08-18T05:50:49.364+00:00,1787032249.3641412,192061.4162235,3.1225450000201818,498,192061.3198401,16.97309999144636,79.32940000318922,2,1,1,4,1,0.0,1,estabilizada,1,1,1,962.75,388.5,0.9850629568099976,0.6586112976074219,0.9598431477948509,0.6069486836900406,0.946981897794851,0.5955041836900407,2.8942138381248808,0.9709113809121558,0.5885943573478394,2.784780447958604,0.0,0.5416071575632286,-0.24980500848554169,1.5825267315957574
2026-08-18T05:50:49.364+00:00,1787032249.3641412,192061.4162363,3.122557800001232,498,192061.3198401,16.97309999144636,79.32940000318922,3,1,1,4,1,0.0,1,estabilizada,1,1,1,554.75,404.25,0.32765674591064453,0.6435888409614563,0.3398243362990332,0.5927805703364463,0.3269630862990332,0.5813360703364463,0.04523432774718962,0.3109829218346931,0.5819067327879297,0.0030897261086708754,0.0,0.5416071575632286,-0.24980500848554169,1.5825267315957574
2026-08-18T05:50:49.364+00:00,1787032249.3641412,192061.4162466,3.1225681000214536,498,192061.3198401,16.97309999144636,79.32940000318922,10,0,0,4,1,0.0,1,estabilizada,1,1,1,,,,,,,,,,,,,nan,0.5416071575632286,-0.24980500848554169,1.5825267315957574
2026-08-18T05:50:49.502+00:00,1787032249.502046,192061.5541256,3.260447100008605,502,192061.4553853,22.611799999140203,76.10239999485202,1,0,0,4,1,0.0,1,estabilizada,1,1,1,,,,,,,,,,,,,nan,0.5416071189985043,-0.2498147018948434,1.5825181258453849
2026-08-18T05:50:49.502+00:00,1787032249.502046,192061.5541688,3.260490300017409,502,192061.4553853,22.611799999140203,76.10239999485202,2,1,1,4,1,0.0,1,estabilizada,1,1,1,956.75,387.25,0.9754930734634399,0.6611304879188538,0.9508173776441684,0.6093237719360991,0.9379561276441684,0.5978792719360991,2.7946519679900135,0.9499241933100673,0.5940028347653009,2.80893706033071,0.0,0.5416071189985043,-0.2498147018948434,1.5825181258453849
2026-08-18T05:50:49.502+00:00,1787032249.502046,192061.5541806,3.2605021000199486,502,192061.4553853,22.611799999140203,76.10239999485202,3,1,1,4,1,0.0,1,estabilizada,1,1,1,562.25,403.75,0.33943378925323486,0.6442376971244812,0.350931666831954,0.5933916975762896,0.338070416831954,0.5819471975762897,0.11891775842410462,0.32724197665792976,0.5816984135834551,0.046067650480016424,0.0,0.5416071189985043,-0.2498147018948434,1.5825181258453849
2026-08-18T05:50:49.502+00:00,1787032249.502046,192061.5541908,3.260512300010305,502,192061.4553853,22.611799999140203,76.10239999485202,10,0,0,4,1,0.0,1,estabilizada,1,1,1,,,,,,,,,,,,,nan,0.5416071189985043,-0.2498147018948434,1.5825181258453849
2026-08-18T05:50:49.640+00:00,1787032249.640006,192061.6923403,3.3986618000199087,506,192061.5830508,31.15680001792498,78.09090000228025,1,0,0,4,1,0.0,1,estabilizada,1,1,1,,,,,,,,,,,,,nan,0.5416086121952891,-0.24982416545651284,1.5825095672389293
2026-08-18T05:50:49.640+00:00,1787032249.640006,192061.6923923,3.3987138000084087,506,192061.5830508,31.15680001792498,78.09090000228025,2,1,1,4,1,0.0,1,estabilizada,1,1,1,950.5,387.5,0.9651657342910767,0.6608772873878479,0.9410773232142762,0.6090841529558096,0.9282160732142761,0.5976396529558097,2.8655121799686913,0.9471614075585821,0.594811897924261,2.80893706033071,0.0,0.5416086121952891,-0.24982416545651284,1.5825095672389293
2026-08-18T05:50:49.640+00:00,1787032249.640006,192061.692404,3.398725500010187,506,192061.5830508,31.15680001792498,78.09090000228025,3,1,1,4,1,0.0,1,estabilizada,1,1,1,570.5,403.0,0.3523944020271301,0.645313024520874,0.36315533470499445,0.594405056085318,0.35029408470499446,0.582960556085318,0.08107288618160846,0.3319960336961898,0.5820249317210545,0.06674110645149808,0.0,0.5416086121952891,-0.24982416545651284,1.5825095672389293
2026-08-18T05:50:49.640+00:00,1787032249.6409972,192061.6924335,3.3987550000019837,506,192061.5830508,31.15680001792498,78.09090000228025,10,0,0,4,1,0.0,1,estabilizada,1,1,1,,,,,,,,,,,,,nan,0.5416086121952891,-0.24982416545651284,1.5825095672389293
2026-08-18T05:50:49.778+00:00,1787032249.7788787,192061.8308823,3.5372038000205066,511,192061.7495838,9.494800004176795,71.78030000068247,1,0,0,4,1,0.0,1,estabilizada,1,1,1,,,,,,,,,,,,,nan,0.5416090864031295,-0.24983435731269601,1.5825010326843747
2026-08-18T05:50:49.778+00:00,1787032249.7788787,192061.8309256,3.537247100000968,511,192061.7495838,9.494800004176795,71.78030000068247,2,0,0,4,1,0.0,1,estabilizada,1,1,1,,,,,,,,,,0.9471614075585821,0.594811897924261,2.80893706033071,144.77825164794922,0.5416090864031295,-0.24983435731269601,1.5825010326843747
2026-08-18T05:50:49.778+00:00,1787032249.7788787,192061.8309375,3.537259000004269,511,192061.7495838,9.494800004176795,71.78030000068247,3,1,1,4,1,0.0,1,estabilizada,1,1,1,578.75,401.75,0.3653528690338135,0.6472921967506409,0.37537691276939966,0.5962708146484504,0.36251566276939967,0.5848263146484505,0.1484190251384065,0.34010017974004203,0.5824393166457948,0.08652277727797478,0.0,0.5416090864031295,-0.24983435731269601,1.5825010326843747
2026-08-18T05:50:49.778+00:00,1787032249.7788787,192061.8309472,3.537268700019922,511,192061.7495838,9.494800004176795,71.78030000068247,10,0,0,4,1,0.0,1,estabilizada,1,1,1,,,,,,,,,,,,,nan,0.5416090864031295,-0.24983435731269601,1.5825010326843747
2026-08-18T05:50:49.921+00:00,1787032249.9212863,192061.9731623,3.6794838000205345,515,192061.8836101,14.562199998181313,74.9636999971699,1,0,0,4,1,0.0,1,estabilizada,1,1,1,,,,,,,,,,,,,nan,0.5416084959219447,-0.24984274358801883,1.5824941430352077
2026-08-18T05:50:49.921+00:00,1787032249.9212863,192061.9732075,3.6795290000154637,515,192061.8836101,14.562199998181313,74.9636999971699,2,1,1,4,1,0.0,1,estabilizada,1,1,1,938.4066162109375,385.1875,0.9458174109458923,0.6655725836753845,0.9228291411236855,0.6135108557907629,0.9099678911236855,0.602066355790763,2.882057397216132,0.945094473301295,0.5954468361119387,2.80893706033071,0.0,0.5416084959219447,-0.24984274358801883,1.5824941430352077
2026-08-18T05:50:49.921+00:00,1787032249.9212863,192061.9732192,3.6795407000172418,515,192061.8836101,14.562199998181313,74.9636999971699,3,1,1,4,1,0.0,1,estabilizada,1,1,1,586.75,400.75,0.37794873118400574,0.6488313674926758,0.3872564299778627,0.5977217502133763,0.3743951799778627,0.5862772502133763,0.15332945764604639,0.3573419111184402,0.5840733079782212,0.12187031073191194,0.0,0.5416084959219447,-0.24984274358801883,1.5824941430352077
2026-08-18T05:50:49.921+00:00,1787032249.9212863,192061.9732296,3.679551100009121,515,192061.8836101,14.562199998181313,74.9636999971699,10,0,0,4,1,0.0,1,estabilizada,1,1,1,,,,,,,,,,,,,nan,0.5416084959219447,-0.24984274358801883,1.5824941430352077
2026-08-18T05:50:50.060+00:00,1787032250.060036,192062.1116278,3.8179493000207003,518,192062.001278,40.1168999960646,70.20709998323582,1,0,0,4,1,0.0,1,estabilizada,1,1,1,,,,,,,,,,,,,nan,0.5416095065612375,-0.24985098682374285,1.582487178626634
2026-08-18T05:50:50.060+00:00,1787032250.060036,192062.1116702,3.8179917000234127,518,192062.001278,40.1168999960646,70.20709998323582,2,0,0,4,1,0.0,1,estabilizada,1,1,1,,,,,,,,,,0.945094473301295,0.5954468361119387,2.80893706033071,143.07904243469238,0.5416095065612375,-0.24985098682374285,1.582487178626634
2026-08-18T05:50:50.060+00:00,1787032250.060036,192062.1116825,3.8180040000006557,518,192062.001278,40.1168999960646,70.20709998323582,3,1,1,4,1,0.0,1,estabilizada,1,1,1,592.75,399.5,0.38739335536956787,0.6508924961090088,0.3961640132268376,0.5996649635521245,0.3833027632268376,0.5882204635521245,0.21426906186611955,0.36961166904387016,0.5856487855996094,0.15852076096891538,0.0,0.5416095065612375,-0.24985098682374285,1.582487178626634
2026-08-18T05:50:50.060+00:00,1787032250.060036,192062.1116953,3.8180168000108097,518,192062.001278,40.1168999960646,70.20709998323582,10,0,0,4,1,0.0,1,estabilizada,1,1,1,,,,,,,,,,,,,nan,0.5416095065612375,-0.24985098682374285,1.582487178626634
2026-08-18T05:50:50.205+00:00,1787032250.2051818,192062.2567958,3.9631173000088893,523,192062.1498394,30.465899995760992,76.46370001020841,1,0,0,4,1,0.0,1,estabilizada,1,1,1,,,,,,,,,,,,,nan,0.5416064544604108,-0.24985902386704265,1.582479861773488
2026-08-18T05:50:50.205+00:00,1787032250.2051818,192062.2568366,3.9631580999994185,523,192062.1498394,30.465899995760992,76.46370001020841,2,1,1,4,1,0.0,1,estabilizada,1,1,1,926.75,384.0,0.9269313812255859,0.6681671142578125,0.9050168885065439,0.6159564325126168,0.8921556385065439,0.6045119325126168,2.9487759877227906,0.9407251773288633,0.596076518545991,2.8190819333519976,0.0,0.5416064544604108,-0.24985902386704265,1.582479861773488
2026-08-18T05:50:50.205+00:00,1787032250.2051818,192062.2568475,3.963168999995105,523,192062.1498394,30.465899995760992,76.46370001020841,3,1,1,4,1,0.0,1,estabilizada,1,1,1,602.25,398.5,0.4024026393890381,0.6523868441581726,0.41031954478484073,0.6010736299531805,0.39745829478484074,0.5896291299531805,0.14824412443657226,0.3754284786734801,0.5866445058960128,0.16663673703061885,0.0,0.5416064544604108,-0.24985902386704265,1.582479861773488
2026-08-18T05:50:50.205+00:00,1787032250.2051818,192062.2568575,3.9631790000130422,523,192062.1498394,30.465899995760992,76.46370001020841,10,0,0,4,1,0.0,1,estabilizada,1,1,1,,,,,,,,,,,,,nan,0.5416064544604108,-0.24985902386704265,1.582479861773488
2026-08-18T05:50:50.344+00:00,1787032250.3449495,192062.3965771,4.102898600016488,528,192062.319575,4.5476999948732555,72.42760001099668,1,0,0,4,1,0.0,1,estabilizada,1,1,1,,,,,,,,,,,,,nan,0.5416041509916191,-0.24987000033533133,1.5824715652850334
2026-08-18T05:50:50.344+00:00,1787032250.3449495,192062.3966173,4.102938800002448,528,192062.319575,4.5476999948732555,72.42760001099668,2,1,1,4,1,0.0,1,estabilizada,1,1,1,919.0,383.5,0.9143162369728088,0.6693539023399353,0.8931189602101991,0.6170748263327321,0.8802577102101992,0.6056303263327322,2.948778935781322,0.9039966029637924,0.602062461426503,2.877300267236445,0.0,0.5416041509916191,-0.24987000033533133,1.5824715652850334
2026-08-18T05:50:50.344+00:00,1787032250.3449495,192062.3966287,4.102950200001942,528,192062.319575,4.5476999948732555,72.42760001099668,3,1,1,4,1,0.0,1,estabilizada,1,1,1,612.0,398.5,0.4178514778614044,0.6520614624023438,0.4248896710435443,0.6007658603661897,0.4120284210435443,0.5893213603661898,0.1871715548902452,0.3936146486713023,0.5883054983218058,0.16663673703061885,0.0,0.5416041509916191,-0.24987000033533133,1.5824715652850334
2026-08-18T05:50:50.344+00:00,1787032250.3449495,192062.3966384,4.102959900017595,528,192062.319575,4.5476999948732555,72.42760001099668,10,0,0,4,1,0.0,1,estabilizada,1,1,1,,,,,,,,,,,,,nan,0.5416041509916191,-0.24987000033533133,1.5824715652850334
2026-08-18T05:50:50.488+00:00,1787032250.4888635,192062.5406359,4.2469573999987915,532,192062.4492559,15.944400016451254,75.41079999646172,1,0,0,4,1,0.0,1,estabilizada,1,1,1,,,,,,,,,,,,,nan,0.5416009027705843,-0.24988132592510717,1.5824628588420089
2026-08-18T05:50:50.488+00:00,1787032250.4888635,192062.5406781,4.246999599999981,532,192062.4492559,15.944400016451254,75.41079999646172,2,0,0,4,1,0.0,1,estabilizada,1,1,1,,,,,,,,,,0.9039966029637924,0.602062461426503,2.877300267236445,141.33334159851074,0.5416009027705843,-0.24988132592510717,1.5824628588420089
2026-08-18T05:50:50.488+00:00,1787032250.4888635,192062.5406902,4.247011700004805,532,192062.4492559,15.944400016451254,75.41079999646172,3,1,1,4,1,0.0,1,estabilizada,1,1,1,620.5,398.0,0.43132466077804565,0.652684211730957,0.4375964425919905,0.6013522654959043,0.4247351925919905,0.5899077654959043,0.11881005713907639,0.40189834394701984,0.5889626547686446,0.16663673703061885,0.0,0.5416009027705843,-0.24988132592510717,1.5824628588420089
2026-08-18T05:50:50.488+00:00,1787032250.4888635,192062.5407,4.247021500021219,532,192062.4492559,15.944400016451254,75.41079999646172,10,0,0,4,1,0.0,1,estabilizada,1,1,1,,,,,,,,,,,,,nan,0.5416009027705843,-0.24988132592510717,1.5824628588420089
2026-08-18T05:50:50.629+00:00,1787032250.629116,192062.680595,4.386916500021471,536,192062.5872944,19.43109999410808,73.84610001463443,1,0,0,4,1,0.0,1,estabilizada,1,1,1,,,,,,,,,,,,,nan,0.5415998505565813,-0.24989124275677246,1.582455835775624
2026-08-18T05:50:50.629+00:00,1787032250.629116,192062.6806367,4.386958200018853,536,192062.5872944,19.43109999410808,73.84610001463443,2,1,1,4,1,0.0,1,estabilizada,1,1,1,906.2482299804688,383.933349609375,0.8933196663856506,0.6689713001251221,0.8733160854268803,0.6167122563086878,0.8604548354268804,0.6052677563086878,3.0275051700755444,0.8969383413945038,0.6030002084623387,2.8995071151413288,0.0,0.5415998505565813,-0.24989124275677246,1.582455835775624
2026-08-18T05:50:50.629+00:00,1787032250.629116,192062.680648,4.386969500017585,536,192062.5872944,19.43109999410808,73.84610001463443,3,1,1,4,1,0.0,1,estabilizada,1,1,1,629.25,398.0,0.44521263241767883,0.6523908972740173,0.4506945229301236,0.6010748410739597,0.4378332729301236,0.5896303410739597,0.0473805781924831,0.41259067092408025,0.5894422421050793,0.14437286146800632,0.0,0.5415998505565813,-0.24989124275677246,1.582455835775624
2026-08-18T05:50:50.629+00:00,1787032250.629116,192062.6806575,4.386979000002611,536,192062.5872944,19.43109999410808,73.84610001463443,10,0,0,4,1,0.0,1,estabilizada,1,1,1,,,,,,,,,,,,,nan,0.5415998505565813,-0.24989124275677246,1.582455835775624
2026-08-18T05:50:50.774+00:00,1787032250.7743666,192062.8262293,4.532550800009631,540,192062.7163549,31.66929999133572,78.17920000525191,1,0,0,4,1,0.0,1,estabilizada,1,1,1,,,,,,,,,,,,,nan,0.5415980893526772,-0.24990315525103432,1.5824465304741027
2026-08-18T05:50:50.774+00:00,1787032250.7743666,192062.8262725,4.532594000018435,540,192062.7163549,31.66929999133572,78.17920000525191,2,1,1,4,1,0.0,1,estabilizada,1,1,1,900.8414306640625,384.396240234375,0.8843725919723511,0.6682907938957214,0.8648776487678385,0.6160694683521344,0.8520163987678384,0.6046249683521344,3.04430426768394,0.8923592619312664,0.6035934563182134,2.9210321265511996,0.0,0.5415980893526772,-0.24990315525103432,1.5824465304741027
2026-08-18T05:50:50.774+00:00,1787032250.7743666,192062.8262997,4.532621200021822,540,192062.7163549,31.66929999133572,78.17920000525191,3,1,1,4,1,0.0,1,estabilizada,1,1,1,636.75,397.75,0.45712482929229736,0.6525931358337402,0.46192915806993795,0.6012645982601549,0.44906790806993796,0.5898200982601549,0.08108145286473517,0.41962268317754037,0.5895779732008192,0.13063490779481876,0.0,0.5415980893526772,-0.24990315525103432,1.5824465304741027
2026-08-18T05:50:50.774+00:00,1787032250.7743666,192062.8263095,4.5326310000091325,540,192062.7163549,31.66929999133572,78.17920000525191,10,0,0,4,1,0.0,1,estabilizada,1,1,1,,,,,,,,,,,,,nan,0.5415980893526772,-0.24990315525103432,1.5824465304741027
2026-08-18T05:50:50.914+00:00,1787032250.9145133,192062.9659801,4.672301600017818,545,192062.8825457,6.449799984693527,76.95899999816902,1,0,0,4,1,0.0,1,estabilizada,1,1,1,,,,,,,,,,,,,nan,0.541595255224045,-0.24991608621514932,1.5824375617389326
2026-08-18T05:50:50.914+00:00,1787032250.9145133,192062.9660237,4.672345200000564,545,192062.8825457,6.449799984693527,76.95899999816902,2,1,1,4,1,0.0,1,estabilizada,1,1,1,893.0,384.0,0.8716101050376892,0.6692856550216675,0.85284074743309,0.6170067160533559,0.8399794974330901,0.6055622160533559,3.04497456730953,0.8560933542167846,0.6048110106966155,3.0040687616683672,0.0,0.541595255224045,-0.24991608621514932,1.5824375617389326
2026-08-18T05:50:50.914+00:00,1787032250.9145133,192062.9660352,4.672356700000819,545,192062.8825457,6.449799984693527,76.95899999816902,3,1,1,4,1,0.0,1,estabilizada,1,1,1,647.0,396.5,0.47342929244041443,0.6545211672782898,0.4773061826248114,0.6030819479482328,0.4644449326248114,0.5916374479482328,0.11069956690330232,0.431675452048045,0.5897876488598913,0.11351372557499229,0.0,0.541595255224045,-0.24991608621514932,1.5824375617389326
2026-08-18T05:50:50.914+00:00,1787032250.9145133,192062.9660449,4.672366400016472,545,192062.8825457,6.449799984693527,76.95899999816902,10,0,0,4,1,0.0,1,estabilizada,1,1,1,,,,,,,,,,,,,nan,0.541595255224045,-0.24991608621514932,1.5824375617389326
2026-08-18T05:50:51.059+00:00,1787032251.059523,192063.1118722,4.818193700019037,549,192063.0205756,9.776799997780472,81.48419999633916,1,0,0,4,1,0.0,1,estabilizada,1,1,1,,,,,,,,,,,,,nan,0.541594241437084,-0.24992830993866819,1.582428813070191
2026-08-18T05:50:51.060+00:00,1787032251.0605168,192063.1119272,4.818248700001277,549,192063.0205756,9.776799997780472,81.48419999633916,2,1,1,4,1,0.0,1,estabilizada,1,1,1,887.5,385.0,0.862429141998291,0.66761314868927,0.8441817865330643,0.6154283485930829,0.8313205365330643,0.603983848593083,3.120447071117267,0.8492414131479803,0.6049423289440692,3.0347684482067874,0.0,0.541594241437084,-0.24992830993866819,1.582428813070191
2026-08-18T05:50:51.060+00:00,1787032251.0605168,192063.11194,4.818261500011431,549,192063.0205756,9.776799997780472,81.48419999633916,3,1,1,4,1,0.0,1,estabilizada,1,1,1,654.5,396.25,0.48537153005599976,0.6547248959541321,0.4885691740716444,0.6032731100299455,0.4757079240716444,0.5918286100299456,0.11845853796751571,0.4485967822427493,0.590546819602105,0.11351372557499229,0.0,0.541594241437084,-0.24992830993866819,1.582428813070191
2026-08-18T05:50:51.060+00:00,1787032251.0605168,192063.1121746,4.8184961000224575,549,192063.0205756,9.776799997780472,81.48419999633916,10,0,0,4,1,0.0,1,estabilizada,1,1,1,,,,,,,,,,,,,nan,0.541594241437084,-0.24992830993866819,1.582428813070191
2026-08-18T05:50:51.199+00:00,1787032251.1998067,192063.2512858,4.957607300020754,553,192063.1491972,22.84930000314489,79.21620001434349,1,0,0,4,1,0.0,1,estabilizada,1,1,1,,,,,,,,,,,,,nan,0.5415904684149376,-0.24993921449703366,1.5824207700606123
2026-08-18T05:50:51.199+00:00,1787032251.1998067,192063.2513281,4.957649600022705,553,192063.1491972,22.84930000314489,79.21620001434349,2,1,1,4,1,0.0,1,estabilizada,1,1,1,881.75,385.25,0.8529854416847229,0.6673403382301331,0.8352748882563783,0.6151701687610589,0.8224136382563783,0.6037256687610589,3.120446688228236,0.8446607714979357,0.6046919524582341,3.0485830970621515,0.0,0.5415904684149376,-0.24993921449703366,1.5824207700606123
2026-08-18T05:50:51.199+00:00,1787032251.1998067,192063.2513398,4.9576612999953795,553,192063.1491972,22.84930000314489,79.21620001434349,3,1,1,4,1,0.0,1,estabilizada,1,1,1,662.5,395.75,0.49812614917755127,0.6553671360015869,0.5005981773544912,0.6038779410374973,0.4877369273544912,0.5924334410374973,0.11846174216487501,0.4617066854026398,0.5912940005726737,0.11351372557499229,0.0,0.5415904684149376,-0.24993921449703366,1.5824207700606123
2026-08-18T05:50:51.199+00:00,1787032251.1998067,192063.2513502,4.957671700016363,553,192063.1491972,22.84930000314489,79.21620001434349,10,0,0,4,1,0.0,1,estabilizada,1,1,1,,,,,,,,,,,,,nan,0.5415904684149376,-0.24993921449703366,1.5824207700606123
2026-08-18T05:50:51.335+00:00,1787032251.3352377,192063.3868812,5.0932026999944355,557,192063.2817703,30.308899993542582,74.77800000924617,1,0,0,4,1,0.0,1,estabilizada,1,1,1,,,,,,,,,,,,,nan,0.5415871264491923,-0.24995000188047609,1.5824129743048605
2026-08-18T05:50:51.335+00:00,1787032251.3352377,192063.3869249,5.093246400007047,557,192063.2817703,30.308899993542582,74.77800000924617,2,1,1,4,1,0.0,1,estabilizada,1,1,1,875.5,386.0,0.8426465392112732,0.6661587357521057,0.825523735247605,0.61405489956917,0.812662485247605,0.6026103995691701,3.1204443892535494,0.836336493769787,0.6043062285249206,3.0796140194839348,0.0,0.5415871264491923,-0.24995000188047609,1.5824129743048605
2026-08-18T05:50:51.335+00:00,1787032251.3352377,192063.3869363,5.0932578000065405,557,192063.2817703,30.308899993542582,74.77800000924617,3,1,1,4,1,0.0,1,estabilizada,1,1,1,671.0,395.0,0.5116994380950928,0.656449019908905,0.5133993053203666,0.6048974254227186,0.5005380553203667,0.5934529254227187,0.049376026927264914,0.48190884369930526,0.5919496679140949,0.11351372557499229,0.0,0.5415871264491923,-0.24995000188047609,1.5824129743048605
2026-08-18T05:50:51.335+00:00,1787032251.3352377,192063.3869459,5.093267400021432,557,192063.2817703,30.308899993542582,74.77800000924617,10,0,0,4,1,0.0,1,estabilizada,1,1,1,,,,,,,,,,,,,nan,0.5415871264491923,-0.24995000188047609,1.5824129743048605
2026-08-18T05:50:51.474+00:00,1787032251.474923,192063.5263534,5.232674900005804,562,192063.4516765,1.7192999948747456,72.93389999540523,1,0,0,4,1,0.0,1,estabilizada,1,1,1,,,,,,,,,,,,,nan,0.5415783177641404,-0.24995850292190708,1.582406209491651
2026-08-18T05:50:51.474+00:00,1787032251.474923,192063.5263958,5.232717300008517,562,192063.4516765,1.7192999948747456,72.93389999540523,2,1,1,4,1,0.0,1,estabilizada,1,1,1,867.8270263671875,387.0291748046875,0.8299539685249329,0.6645097732543945,0.8135524855095135,0.6124990162425734,0.8006912355095135,0.6010545162425734,-3.112331536672771,0.8297807642774638,0.6038208442436405,3.0938933308404293,0.0,0.5415783177641404,-0.24995850292190708,1.582406209491651
2026-08-18T05:50:51.474+00:00,1787032251.474923,192063.5264075,5.232729000010295,562,192063.4516765,1.7192999948747456,72.93389999540523,3,1,1,4,1,0.0,1,estabilizada,1,1,1,681.25,395.5,0.5280495285987854,0.6551946997642517,0.5288189840126851,0.6037137413648754,0.5159577340126851,0.5922692413648755,0.0871600493561443,0.4900916865701999,0.5920930373027656,0.11351372557499229,0.0,0.5415783177641404,-0.24995850292190708,1.582406209491651
2026-08-18T05:50:51.474+00:00,1787032251.474923,192063.5264182,5.232739700004458,562,192063.4516765,1.7192999948747456,72.93389999540523,10,0,0,4,1,0.0,1,estabilizada,1,1,1,,,,,,,,,,,,,nan,0.5415783177641404,-0.24995850292190708,1.582406209491651
2026-08-18T05:50:51.616+00:00,1787032251.616608,192063.6680803,5.3744018000143114,566,192063.5822543,11.867199995322153,73.93359998241067,1,0,0,4,1,0.0,1,estabilizada,1,1,1,,,,,,,,,,,,,nan,0.5415688118649049,-0.24996673996409913,1.5823992205001873
2026-08-18T05:50:51.616+00:00,1787032251.616608,192063.668121,5.374442500004079,566,192063.5822543,11.867199995322153,73.93359998241067,2,1,1,4,1,0.0,1,estabilizada,1,1,1,862.5,387.75,0.8211526274681091,0.6633546352386475,0.8052511134390927,0.6114088792604155,0.7923898634390927,0.5999643792604156,-3.1276499072898365,0.8180798444832741,0.6027816237144219,3.1205780391459115,0.0,0.5415688118649049,-0.24996673996409913,1.5823992205001873
2026-08-18T05:50:51.616+00:00,1787032251.616608,192063.6681325,5.374454000004334,566,192063.5822543,11.867199995322153,73.93359998241067,3,1,1,4,1,0.0,1,estabilizada,1,1,1,689.5,396.0,0.5412111878395081,0.6540067791938782,0.5412315279419732,0.6025926886974854,0.5283702779419732,0.5911481886974854,0.014564387090440336,0.5099483190758641,0.5918732101153844,0.09595882372887034,0.0,0.5415688118649049,-0.24996673996409913,1.5823992205001873
2026-08-18T05:50:51.616+00:00,1787032251.616608,192063.6681426,5.374464100023033,566,192063.5822543,11.867199995322153,73.93359998241067,10,0,0,4,1,0.0,1,estabilizada,1,1,1,,,,,,,,,,,,,nan,0.5415688118649049,-0.24996673996409913,1.5823992205001873
2026-08-18T05:50:51.759+00:00,1787032251.7599592,192063.8116211,5.517942600010429,570,192063.7184589,16.043200012063608,77.06109998980537,1,0,0,4,1,0.0,1,estabilizada,1,1,1,,,,,,,,,,,,,nan,0.5415547212971314,-0.24997449457925838,1.5823929438563897
2026-08-18T05:50:51.759+00:00,1787032251.7599592,192063.8116843,5.518005799996899,570,192063.7184589,16.043200012063608,77.06109998980537,2,1,1,4,1,0.0,1,estabilizada,1,1,1,857.25,387.75,0.8126011490821838,0.663529098033905,0.7971851434715898,0.6115727722335504,0.7843238934715897,0.6001282722335505,-3.0968443206833385,0.8108465341313946,0.6020006775435827,3.130195920760709,0.0,0.5415547212971314,-0.24997449457925838,1.5823929438563897
2026-08-18T05:50:51.759+00:00,1787032251.7599592,192063.8117165,5.5180380000092555,570,192063.7184589,16.043200012063608,77.06109998980537,3,1,1,4,1,0.0,1,estabilizada,1,1,1,697.5,395.5,0.5540201663970947,0.6546494364738464,0.5533111831680223,0.6031981492882734,0.5404499331680224,0.5917536492882735,0.05140924532418203,0.5240880857320405,0.5913665547391185,0.08725083120286821,0.0,0.5415547212971314,-0.24997449457925838,1.5823929438563897
2026-08-18T05:50:51.759+00:00,1787032251.7599592,192063.8117323,5.518053800013149,570,192063.7184589,16.043200012063608,77.06109998980537,10,0,0,4,1,0.0,1,estabilizada,1,1,1,,,,,,,,,,,,,nan,0.5415547212971314,-0.24997449457925838,1.5823929438563897
2026-08-18T05:50:51.896+00:00,1787032251.8964765,192063.9487432,5.6550646999967285,574,192063.8516665,23.254600004293025,73.79840000066906,1,0,0,4,1,0.0,1,estabilizada,1,1,1,,,,,,,,,,,,,nan,0.5415392808130742,-0.24998019017789125,1.5823872245162718
2026-08-18T05:50:51.896+00:00,1787032251.8964765,192063.9487864,5.655107900005532,574,192063.8516665,23.254600004293025,73.79840000066906,2,1,1,4,1,0.0,1,estabilizada,1,1,1,850.5,388.5,0.8014978170394897,0.6623696088790894,0.7867123916405141,0.610478718556571,0.773851141640514,0.599034218556571,-3.0905556502928784,0.7998787791485559,0.6009113928146143,3.1386472227392885,0.0,0.5415392808130742,-0.24998019017789125,1.5823872245162718
2026-08-18T05:50:51.896+00:00,1787032251.8964765,192063.9487988,5.655120300012641,574,192063.8516665,23.254600004293025,73.79840000066906,3,1,1,4,1,0.0,1,estabilizada,1,1,1,705.5,394.75,0.566856324672699,0.6557493209838867,0.5654163901787493,0.6042349667590674,0.5525551401787494,0.5927904667590674,0.04929288586656565,0.536903105097907,0.5916769363066077,0.0788501928291827,0.0,0.5415392808130742,-0.24998019017789125,1.5823872245162718
2026-08-18T05:50:51.896+00:00,1787032251.8964765,192063.9488091,5.6551306000037584,574,192063.8516665,23.254600004293025,73.79840000066906,10,0,0,4,1,0.0,1,estabilizada,1,1,1,,,,,,,,,,,,,nan,0.5415392808130742,-0.24998019017789125,1.5823872245162718
2026-08-18T05:50:52.039+00:00,1787032252.0395055,192064.0917407,5.798062200017739,578,192063.9834588,28.34160000202246,79.9148999794852,1,0,0,4,1,0.0,1,estabilizada,1,1,1,,,,,,,,,,,,,nan,0.541526597769555,-0.24998564526283107,1.5823823504892642
2026-08-18T05:50:52.039+00:00,1787032252.0395055,192064.0917835,5.798104999994393,578,192063.9834588,28.34160000202246,79.9148999794852,2,1,1,4,1,0.0,1,estabilizada,1,1,1,845.25,389.5,0.7928094267845154,0.6607005596160889,0.7785173976776728,0.6089041284856729,0.7656561476776729,0.5974596284856729,-3.1254103211323114,0.7810889446065656,0.599250010278486,3.1386472227392885,0.0,0.541526597769555,-0.24998564526283107,1.5823823504892642
2026-08-18T05:50:52.039+00:00,1787032252.0395055,192064.0917948,5.7981163000222296,578,192063.9834588,28.34160000202246,79.9148999794852,3,1,1,4,1,0.0,1,estabilizada,1,1,1,713.25,395.5,0.5792285799980164,0.654120683670044,0.5770842320156767,0.6026984913163439,0.5642229820156768,0.5912539913163439,0.15155572570949144,0.5435013804646979,0.5917882110563566,0.07073826837537174,0.0,0.541526597769555,-0.24998564526283107,1.5823823504892642
2026-08-18T05:50:52.039+00:00,1787032252.0395055,192064.0918048,5.798126300011063,578,192063.9834588,28.34160000202246,79.9148999794852,10,0,0,4,1,0.0,1,estabilizada,1,1,1,,,,,,,,,,,,,nan,0.541526597769555,-0.24998564526283107,1.5823823504892642
2026-08-18T05:50:52.181+00:00,1787032252.1818407,192064.2340415,5.9403630000015255,583,192064.1486699,4.354000004241243,80.9927000082098,1,0,0,4,1,0.0,1,estabilizada,1,1,1,,,,,,,,,,,,,nan,0.5415123177455932,-0.2499879242197916,1.5823794723657296
2026-08-18T05:50:52.181+00:00,1787032252.1818407,192064.2340822,5.940403700020397,583,192064.1486699,4.354000004241243,80.9927000082098,2,1,1,4,1,0.0,1,estabilizada,1,1,1,837.8780517578125,391.25396728515625,0.7805797457695007,0.6577175855636597,0.7669824583312453,0.606090591339338,0.7541212083312454,0.594646091339338,-3.112420045147142,0.7770778301639533,0.5987979440900824,3.1386472227392885,0.0,0.5415123177455932,-0.2499879242197916,1.5823794723657296
2026-08-18T05:50:52.181+00:00,1787032252.1818407,192064.2340933,5.9404148000176065,583,192064.1486699,4.354000004241243,80.9927000082098,3,1,1,4,1,0.0,1,estabilizada,1,1,1,722.5,394.5,0.5941110849380493,0.6556360721588135,0.591119458005324,0.6041274668606045,0.578258208005324,0.5926829668606045,0.04920954613576116,0.5648406309100382,0.5919919633889884,0.07073826837537174,0.0,0.5415123177455932,-0.2499879242197916,1.5823794723657296
2026-08-18T05:50:52.181+00:00,1787032252.1818407,192064.2341035,5.940425000007963,583,192064.1486699,4.354000004241243,80.9927000082098,10,0,0,4,1,0.0,1,estabilizada,1,1,1,,,,,,,,,,,,,nan,0.5415123177455932,-0.2499879242197916,1.5823794723657296
2026-08-18T05:50:52.333+00:00,1787032252.3339598,192064.3853348,6.091656300006434,587,192064.2821924,13.689700019313022,89.42819997901097,1,0,0,4,1,0.0,1,estabilizada,1,1,1,,,,,,,,,,,,,nan,0.541495395462528,-0.24998901926298545,1.5823775814946681
2026-08-18T05:50:52.333+00:00,1787032252.3339598,192064.3853762,6.091697700001532,587,192064.2821924,13.689700019313022,89.42819997901097,2,1,1,4,1,0.0,1,estabilizada,1,1,1,832.0,390.25,0.77118319272995,0.6597620248794556,0.7581193690283137,0.6080186262555439,0.7452581190283136,0.596574126255544,-3.1241543486563765,0.77409035499923,0.5984790113170606,3.1386472227392885,0.0,0.541495395462528,-0.24998901926298545,1.5823775814946681
2026-08-18T05:50:52.333+00:00,1787032252.3339598,192064.3853883,6.091709800006356,587,192064.2821924,13.689700019313022,89.42819997901097,3,1,1,4,1,0.0,1,estabilizada,1,1,1,729.0,395.75,0.6044573783874512,0.6531351208686829,0.600876325085438,0.6017686369381696,0.588015075085438,0.5903241369381697,0.013464613557534201,0.570397540889229,0.5920026624939486,0.06285647580693024,0.0,0.541495395462528,-0.24998901926298545,1.5823775814946681
2026-08-18T05:50:52.333+00:00,1787032252.3339598,192064.3853984,6.091719899995951,587,192064.2821924,13.689700019313022,89.42819997901097,10,0,0,4,1,0.0,1,estabilizada,1,1,1,,,,,,,,,,,,,nan,0.541495395462528,-0.24998901926298545,1.5823775814946681
2026-08-18T05:50:52.491+00:00,1787032252.4915898,192064.5431891,6.249510599998757,592,192064.4491014,3.0153999978210777,90.98680000170134,1,0,0,4,1,0.0,1,estabilizada,1,1,1,,,,,,,,,,,,,nan,0.541481140922785,-0.24998730567046573,1.582378829077489
2026-08-18T05:50:52.491+00:00,1787032252.4915898,192064.5432694,6.249590899999021,592,192064.4491014,3.0153999978210777,90.98680000170134,2,1,1,4,1,0.0,1,estabilizada,1,1,1,824.25,390.0,0.7586450576782227,0.6604811549186707,0.746293557425035,0.6086969930307151,0.7334323074250351,0.5972524930307151,3.0859525826281913,0.7686481365348339,0.5981447466348562,3.1386472227392885,0.0,0.541481140922785,-0.24998730567046573,1.582378829077489
2026-08-18T05:50:52.491+00:00,1787032252.4915898,192064.5432861,6.249607600009767,592,192064.4491014,3.0153999978210777,90.98680000170134,3,1,1,4,1,0.0,1,estabilizada,1,1,1,739.75,395.75,0.6217067241668701,0.6527732610702515,0.61714378237361,0.6014274963812538,0.6042825323736101,0.5899829963812538,0.04701816046439887,0.5904169164514224,0.5908816994084023,0.06285647580693024,0.0,0.541481140922785,-0.24998730567046573,1.582378829077489
2026-08-18T05:50:52.491+00:00,1787032252.4915898,192064.5435157,6.249837200011825,592,192064.4491014,3.0153999978210777,90.98680000170134,10,0,0,4,1,0.0,1,estabilizada,1,1,1,,,,,,,,,,,,,nan,0.541481140922785,-0.24998730567046573,1.582378829077489
2026-08-18T05:50:52.640+00:00,1787032252.6400728,192064.6917852,6.398106700013159,596,192064.5839257,25.998800003435463,81.81440000771545,1,0,0,4,1,0.0,1,estabilizada,1,1,1,,,,,,,,,,,,,nan,0.5414702659809715,-0.249983655793964,1.5823816502334778
2026-08-18T05:50:52.640+00:00,1787032252.6400728,192064.6919059,6.398227400000906,596,192064.5839257,25.998800003435463,81.81440000771545,2,1,1,4,1,0.0,1,estabilizada,1,1,1,820.0,390.0,0.7517536282539368,0.6606225967407227,0.7397934904440889,0.6088306900815235,0.726932240444089,0.5973861900815235,2.969633789355365,0.7451821123860201,0.5975983524071574,3.11076679633704,0.0,0.5414702659809715,-0.249983655793964,1.5823816502334778
2026-08-18T05:50:52.640+00:00,1787032252.6400728,192064.6919362,6.398257699998794,596,192064.5839257,25.998800003435463,81.81440000771545,3,1,1,4,1,0.0,1,estabilizada,1,1,1,745.5,395.0,0.6309973001480103,0.6539493203163147,0.625905334455761,0.6025369648722778,0.613044084455761,0.5910924648722778,0.14616161385866083,0.5961167510195019,0.5907939934687318,0.07298235158186267,0.0,0.5414702659809715,-0.249983655793964,1.5823816502334778
2026-08-18T05:50:52.640+00:00,1787032252.6400728,192064.6919586,6.398280099994736,596,192064.5839257,25.998800003435463,81.81440000771545,10,0,0,4,1,0.0,1,estabilizada,1,1,1,,,,,,,,,,,,,nan,0.5414702659809715,-0.249983655793964,1.5823816502334778
2026-08-18T05:50:52.796+00:00,1787032252.7966597,192064.8483495,6.55467100001988,601,192064.7503818,16.465599997900426,81.47710000048392,1,0,0,4,1,0.0,1,estabilizada,1,1,1,,,,,,,,,,,,,nan,0.5414618477062383,-0.24997924551878503,1.5823853760380642
2026-08-18T05:50:52.796+00:00,1787032252.7966597,192064.8483918,6.554713300021831,601,192064.7503818,16.465599997900426,81.47710000048392,2,1,1,4,1,0.0,1,estabilizada,1,1,1,817.0,389.0,0.7470194697380066,0.6625635623931885,0.7353281420355353,0.6106616338517924,0.7224668920355353,0.5992171338517924,2.8571400661166217,0.736880905924622,0.5976143720617939,3.0557107243535624,0.0,0.5414618477062383,-0.24997924551878503,1.5823853760380642
2026-08-18T05:50:52.796+00:00,1787032252.7966597,192064.8484041,6.554725599999074,601,192064.7503818,16.465599997900426,81.47710000048392,3,1,1,4,1,0.0,1,estabilizada,1,1,1,747.0,391.25,0.6337001323699951,0.6607630252838135,0.6284539731565404,0.6089635043747791,0.6155927231565403,0.5975190043747791,0.4959437458638067,0.603388941484257,0.5909254168416032,0.1294560530693913,0.0,0.5414618477062383,-0.24997924551878503,1.5823853760380642
2026-08-18T05:50:52.796+00:00,1787032252.7966597,192064.8484139,6.554735400015488,601,192064.7503818,16.465599997900426,81.47710000048392,10,0,0,4,1,0.0,1,estabilizada,1,1,1,,,,,,,,,,,,,nan,0.5414618477062383,-0.24997924551878503,1.5823853760380642
2026-08-18T05:50:52.940+00:00,1787032252.9405923,192064.992442,6.698763499996858,605,192064.8829005,25.183899997500703,84.33310000691563,1,0,0,4,1,0.0,1,estabilizada,1,1,1,,,,,,,,,,,,,nan,0.5414547197787886,-0.24997496105291944,1.5823889493397059
2026-08-18T05:50:52.940+00:00,1787032252.9405923,192064.992485,6.698806500004139,605,192064.8829005,25.183899997500703,84.33310000691563,2,1,1,4,1,0.0,1,estabilizada,1,1,1,815.75,388.25,0.7450886964797974,0.6639866828918457,0.733506804486215,0.612004173794223,0.7206455544862149,0.600559673794223,2.743251769877499,0.7284162303721928,0.5986471146192097,2.9391570881616915,0.0,0.5414547197787886,-0.24997496105291944,1.5823889493397059
2026-08-18T05:50:52.940+00:00,1787032252.9405923,192064.9924976,6.69881910001277,605,192064.8829005,25.183899997500703,84.33310000691563,3,1,1,4,1,0.0,1,estabilizada,1,1,1,744.25,389.5,0.6294076442718506,0.6640651822090149,0.6244052311750714,0.6120782083819409,0.6115439811750714,0.600633708381941,0.7257139462085307,0.607280176089666,0.5935001495898938,0.3458672360613424,0.0,0.5414547197787886,-0.24997496105291944,1.5823889493397059
2026-08-18T05:50:52.940+00:00,1787032252.9405923,192064.9925088,6.698830300010741,605,192064.8829005,25.183899997500703,84.33310000691563,10,0,0,4,1,0.0,1,estabilizada,1,1,1,,,,,,,,,,,,,nan,0.5414547197787886,-0.24997496105291944,1.5823889493397059
2026-08-18T05:50:53.083+00:00,1787032253.0830283,192065.135133,6.841454500012333,610,192065.048511,13.507499999832362,73.0893999862019,1,0,0,4,1,0.0,1,estabilizada,1,1,1,,,,,,,,,,,,,nan,0.541448754240109,-0.2499708113554249,1.582392372321095
2026-08-18T05:50:53.083+00:00,1787032253.0830283,192065.1351753,6.8414968000142835,610,192065.048511,13.507499999832362,73.0893999862019,2,1,1,4,1,0.0,1,estabilizada,1,1,1,812.25,386.25,0.7396645545959473,0.6677922606468201,0.7283908513450537,0.6155936543308378,0.7155296013450536,0.6041491543308378,2.5491827299811516,0.7266251871057738,0.599065711469401,2.795671444088077,0.0,0.541448754240109,-0.2499708113554249,1.582392372321095
2026-08-18T05:50:53.083+00:00,1787032253.0830283,192065.1351883,6.841509799996857,610,192065.048511,13.507499999832362,73.0893999862019,3,1,1,4,1,0.0,1,estabilizada,1,1,1,739.25,392.0,0.6211752891540527,0.6596458554267883,0.6166407702396763,0.6079105832892484,0.6037795202396763,0.5964660832892484,0.912350595511278,0.607280176089666,0.5935001495898938,0.680518957148837,0.0,0.541448754240109,-0.2499708113554249,1.582392372321095
2026-08-18T05:50:53.083+00:00,1787032253.0830283,192065.1351987,6.84152020001784,610,192065.048511,13.507499999832362,73.0893999862019,10,0,0,4,1,0.0,1,estabilizada,1,1,1,,,,,,,,,,,,,nan,0.541448754240109,-0.2499708113554249,1.582392372321095
