wall_time_iso,t_wall,t_perf,session_elapsed_s,cycle_id,robot_id,state,previous_state,x,y,yaw,pose_age_ms,waypoint_x,waypoint_y,final_goal_x,final_goal_y,distance_error,desired_heading,angle_error,u_att_x,u_att_y,u_rep_x,u_rep_y,u_res_x,u_res_y,repulsion_norm,align_factor,linear_cmd,angular_cmd,left_cmd,right_cmd,controller_mode,avoid_enabled,requested_delay_ms,jitter_ms
2026-08-18T06:25:27.955+00:00,1787034327.955922,194139.9567235,0.276990400016075,1,2,ORIENT,ORIENT,1.0164283024601493,0.8570785627404822,1.0779359617310875,379.04882431030273,0.2,0.4,0.2,0.4,0.9356687370938851,-2.6312174112049833,2.574031934243515,-0.8725612163543701,-0.48850467801094055,0.0,0.0,-0.8725612163543701,-0.48850467801094055,0.0,0.0,0,35.0,-35,35,apf_fsm,1,200.0,0.0
2026-08-18T06:25:28.114+00:00,1787034328.1146317,194140.1153664,0.4356332999886945,2,2,ORIENT,ORIENT,1.0164283024601493,0.8570785627404822,1.0779359617310875,119.62032318115234,0.2,0.4,0.2,0.4,0.9356687370938851,-2.6312174112049833,2.574031934243515,-0.8725612163543701,-0.48850467801094055,0.0,0.0,-0.8725612163543701,-0.48850467801094055,0.0,0.0,0,35.0,-35,35,apf_fsm,1,200.0,0.0
2026-08-18T06:25:28.265+00:00,1787034328.2650938,194140.2661731,0.5864400000136811,3,2,ORIENT,ORIENT,1.0164283024601493,0.8570785627404822,1.0779359617310875,113.23285102844238,0.2,0.4,0.2,0.4,0.9356687370938851,-2.6312174112049833,2.574031934243515,-0.8725612163543701,-0.48850467801094055,0.0,0.0,-0.8725612163543701,-0.48850467801094055,0.0,0.0,0,35.0,-35,35,apf_fsm,1,200.0,0.0
2026-08-18T06:25:28.439+00:00,1787034328.4396148,194140.4402389,0.7605057999899145,4,2,ORIENT,ORIENT,1.0164283024601493,0.8570785627404822,1.0779359617310875,137.3755931854248,0.2,0.4,0.2,0.4,0.9356687370938851,-2.6312174112049833,2.574031934243515,-0.8725612163543701,-0.48850467801094055,0.0,0.0,-0.8725612163543701,-0.48850467801094055,0.0,0.0,0,35.0,-35,35,apf_fsm,1,200.0,0.0
2026-08-18T06:25:28.608+00:00,1787034328.6081443,194140.6085498,0.9288167000049725,5,2,ORIENT,ORIENT,1.0164283024601493,0.8570785627404822,1.0779359617310875,131.96420669555664,0.2,0.4,0.2,0.4,0.9356687370938851,-2.6312174112049833,2.574031934243515,-0.8725612163543701,-0.48850467801094055,0.0,0.0,-0.8725612163543701,-0.48850467801094055,0.0,0.0,0,35.0,-35,35,apf_fsm,1,200.0,0.0
2026-08-18T06:25:28.774+00:00,1787034328.7747507,194140.775558,1.0958248999959324,6,2,ORIENT,ORIENT,1.0164283024601493,0.8570785627404822,1.1447022452374394,129.44650650024414,0.2,0.4,0.2,0.4,0.9356687370938851,-2.6312174112049833,2.5072656507371636,-0.8725612163543701,-0.48850467801094055,0.0,0.0,-0.8725612163543701,-0.48850467801094055,0.0,0.0,0,35.0,-35,35,apf_fsm,1,200.0,0.0
2026-08-18T06:25:28.941+00:00,1787034328.941868,194140.9422357,1.2625026000023354,7,2,ORIENT,ORIENT,1.0164283024601493,0.8570785627404822,1.339588607875582,125.2129077911377,0.2,0.4,0.2,0.4,0.9356687370938851,-2.6312174112049833,2.312379288099021,-0.8725612163543701,-0.48850467801094055,0.0,0.0,-0.8725612163543701,-0.48850467801094055,0.0,0.0,0,35.0,-35,35,apf_fsm,1,200.0,0.0
2026-08-18T06:25:29.136+00:00,1787034329.136563,194141.1372643,1.4575311999942642,8,2,ORIENT,ORIENT,1.0164283024601493,0.8570785627404822,1.4836429063792782,154.02913093566895,0.2,0.4,0.2,0.4,0.9356687370938851,-2.6312174112049833,2.168324989595325,-0.8725612163543701,-0.48850467801094055,0.0,0.0,-0.8725612163543701,-0.48850467801094055,0.0,0.0,0,35.0,-35,35,apf_fsm,1,200.0,0.0
2026-08-18T06:25:29.295+00:00,1787034329.2958882,194141.2971528,1.6174196999927517,9,2,ORIENT,ORIENT,1.0164283024601493,0.8570785627404822,1.6358756836360455,118.54672431945801,0.2,0.4,0.2,0.4,0.9356687370938851,-2.6312174112049833,2.016092212338558,-0.8725612163543701,-0.48850467801094055,0.0,0.0,-0.8725612163543701,-0.48850467801094055,0.0,0.0,0,32.632104822677206,-32,32,apf_fsm,1,200.0,0.0
2026-08-18T06:25:29.439+00:00,1787034329.4397728,194141.4401548,1.76042169998982,10,2,ORIENT,ORIENT,1.0121291442014497,0.8575086619504362,1.8989161596496764,106.78553581237793,0.2,0.4,0.2,0.4,0.9321308505896893,-2.6285617542086817,1.7557073933212282,-0.8712608814239502,-0.4908201992511749,0.0,0.0,-0.8712608814239502,-0.4908201992511749,0.0,0.0,0,26.0,-26,26,apf_fsm,1,200.0,0.0
2026-08-18T06:25:29.593+00:00,1787034329.5934374,194141.5946045,1.9148713999893516,11,2,ORIENT,ORIENT,1.0121291442014497,0.8575086619504362,2.0324252932710456,123.9783763885498,0.2,0.4,0.2,0.4,0.9321308505896893,-2.6285617542086817,1.622198259699859,-0.8712608814239502,-0.4908201992511749,0.0,0.0,-0.8712608814239502,-0.4908201992511749,0.0,0.0,0,26.0,-26,26,apf_fsm,1,200.0,0.0
2026-08-18T06:25:29.750+00:00,1787034329.7509682,194141.7521515,2.072418399999151,12,2,ORIENT,ORIENT,1.0104253303216875,0.8571141643179606,2.1622219986823294,119.00496482849121,0.2,0.4,0.2,0.4,0.9304528871722221,-2.628032380760648,1.4929309277366087,-0.8710009455680847,-0.4912813603878021,0.0,0.0,-0.8710009455680847,-0.4912813603878021,0.0,0.0,0,26.0,-26,26,apf_fsm,1,200.0,0.0
2026-08-18T06:25:29.899+00:00,1787034329.899959,194141.9008505,2.2211174000112806,13,2,ORIENT,ORIENT,1.0104253303216875,0.8571141643179606,2.307630505780008,113.16800117492676,0.2,0.4,0.2,0.4,0.9304528871722221,-2.628032380760648,1.3475224206389296,-0.8710009455680847,-0.4912813603878021,0.0,0.0,-0.8710009455680847,-0.4912813603878021,0.0,0.0,0,26.0,-26,26,apf_fsm,1,200.0,0.0
2026-08-18T06:25:30.047+00:00,1787034330.0478003,194142.0483373,2.3686041999899317,14,2,ORIENT,ORIENT,1.0092881827328706,0.8557114470964422,2.4520646223757905,117.00057983398438,0.2,0.4,0.2,0.4,0.9287735384504694,-2.628746329143703,1.2023743556600923,-0.871351420879364,-0.49065935611724854,0.0,0.0,-0.871351420879364,-0.49065935611724854,0.0,0.0,0,26.0,-26,26,apf_fsm,1,200.0,0.0
2026-08-18T06:25:30.196+00:00,1787034330.1969388,194142.1979152,2.5181821000005584,15,2,ORIENT,ORIENT,1.0084577330325473,0.8534189891114357,2.72764728326797,113.3720874786377,0.2,0.4,0.2,0.4,0.9269264726972478,-2.630461729877422,0.9250762940341941,-0.872191846370697,-0.48916393518447876,0.0,0.0,-0.872191846370697,-0.48916393518447876,0.0,0.0,0,-26.0,26,-26,apf_fsm,1,200.0,0.0
2026-08-18T06:25:30.351+00:00,1787034330.3519258,194142.3525892,2.672856099990895,16,2,ORIENT,ORIENT,1.0078369778303615,0.8514846984183937,2.862474152352493,114.55512046813965,0.2,0.4,0.2,0.4,0.9254399038598022,-2.6319566058155583,0.7887545490115349,-0.8729221224784851,-0.4878595769405365,0.0,0.0,-0.8729221224784851,-0.4878595769405365,0.0,0.0,0,26.0,-26,26,apf_fsm,1,200.0,0.0
2026-08-18T06:25:30.514+00:00,1787034330.5149193,194142.5155447,2.8358116000017617,17,2,ORIENT,ORIENT,1.0073164427731838,0.8496708452046646,3.0924780204073103,122.3456859588623,0.2,0.4,0.2,0.4,0.9241015679020488,-2.633395212561278,0.5573120742109978,-0.8736230731010437,-0.4866032898426056,0.0,0.0,-0.8736230731010437,-0.4866032898426056,0.0,0.0,0,-26.0,26,-26,apf_fsm,1,200.0,0.0
2026-08-18T06:25:30.664+00:00,1787034330.6648524,194142.6657196,2.9859864999889396,18,2,ORIENT,ORIENT,1.0061896514481687,0.8455338432171706,-2.9685244894554588,114.38107490539551,0.2,0.4,0.2,0.4,0.9211092006673163,-2.6367237175038967,0.3318007719515621,-0.8752378821372986,-0.4836927354335785,0.0,0.0,-0.8752378821372986,-0.4836927354335785,0.0,0.0,0,-26.0,26,-26,apf_fsm,1,200.0,0.0
2026-08-18T06:25:30.820+00:00,1787034330.820359,194142.820845,3.1411119000113104,19,2,ORIENT,ORIENT,1.0061896514481687,0.8455338432171706,-2.9685244894554588,269.88768577575684,0.2,0.4,0.2,0.4,0.9211092006673163,-2.6367237175038967,0.3318007719515621,-0.8752378821372986,-0.4836927354335785,0.0,0.0,-0.8752378821372986,-0.4836927354335785,0.0,0.0,0,26.0,-26,26,apf_fsm,1,200.0,0.0
2026-08-18T06:25:30.977+00:00,1787034330.9777777,194142.9784144,3.2986812999879476,20,2,ORIENT,ORIENT,1.005681771313095,0.8438559651660713,-2.815536839966959,115.19789695739746,0.2,0.4,0.2,0.4,0.9198539201632567,-2.638053132280789,0.17748370768616972,-0.8758801221847534,-0.4825287461280823,0.0,0.0,-0.8758801221847534,-0.4825287461280823,0.0,0.0,0,-26.0,26,-26,apf_fsm,1,200.0,0.0
2026-08-18T06:25:31.124+00:00,1787034331.1245728,194143.1255129,3.4457798000075854,21,2,RUN,ORIENT,1.0050339929854024,0.8422244500652551,-2.683939358793009,106.82511329650879,0.2,0.4,0.2,0.4,0.9184999695686105,-2.639268652795925,0.04467070599708434,-0.8764660358428955,-0.481463760137558,0.0,0.0,-0.8764660358428955,-0.481463760137558,0.0,1.0,35.0,2.010181769868795,32,37,apf_fsm,1,200.0,0.0
2026-08-18T06:25:31.267+00:00,1787034331.267445,194143.2680717,3.5883386000059545,22,2,RUN,RUN,1.0050339929854024,0.8422244500652551,-2.6479614298683685,107.65218734741211,0.2,0.4,0.2,0.4,0.9184999695686105,-2.639268652795925,0.008692777072443647,-0.8764660358428955,-0.481463760137558,0.0,0.0,-0.8764660358428955,-0.481463760137558,0.0,1.0,35.0,-1.1722997416379877,36,33,apf_fsm,1,200.0,0.0
2026-08-18T06:25:31.412+00:00,1787034331.412647,194143.4135437,3.733810600009747,23,2,RUN,RUN,1.0050339929854024,0.8422244500652551,-2.6033904626119164,114.5925521850586,0.2,0.4,0.2,0.4,0.9184999695686105,-2.639268652795925,-0.035878190184008396,-0.8764660358428955,-0.481463760137558,0.0,0.0,-0.8764660358428955,-0.481463760137558,0.0,1.0,35.0,-1.9187657558159055,36,33,apf_fsm,1,200.0,0.0
2026-08-18T06:25:31.566+00:00,1787034331.566318,194143.5667647,3.88703159999568,24,2,RUN,RUN,1.004449305236156,0.840507444256182,-2.572840487071395,111.5875244140625,0.2,0.4,0.2,0.4,0.9171616504957277,-2.640602522233042,-0.06776203516164703,-0.8771074414253235,-0.48029422760009766,0.0,0.0,-0.8771074414253235,-0.48029422760009766,0.0,1.0,35.0,-1.7935549258338224,36,33,apf_fsm,1,200.0,0.0
2026-08-18T06:25:31.704+00:00,1787034331.7040627,194143.7045409,4.024807800014969,25,2,RUN,RUN,1.004449305236156,0.840507444256182,-2.572840487071395,109.32540893554688,0.2,0.4,0.2,0.4,0.9171616504957277,-2.640602522233042,-0.06776203516164703,-0.8771074414253235,-0.48029422760009766,0.0,0.0,-0.8771074414253235,-0.48029422760009766,0.0,1.0,35.0,-0.6776203516164703,35,34,apf_fsm,1,200.0,0.0
2026-08-18T06:25:31.846+00:00,1787034331.8465667,194143.8475971,4.167863999988185,26,2,RUN,RUN,1.004449305236156,0.840507444256182,-2.5545894606985855,111.03415489196777,0.2,0.4,0.2,0.4,0.9171616504957277,-2.640602522233042,-0.08601306153445654,-0.8771074414253235,-0.48029422760009766,0.0,0.0,-0.8771074414253235,-0.48029422760009766,0.0,1.0,35.0,-1.4989165383928982,36,33,apf_fsm,1,200.0,0.0
2026-08-18T06:25:31.981+00:00,1787034331.9815235,194143.9818947,4.302161600004183,27,2,RUN,RUN,1.0023283806833958,0.8374822689982093,-2.5086204381157535,106.40788078308105,0.2,0.4,0.2,0.4,0.9138498597350999,-2.642391395251889,-0.1337709571361354,-0.8779652118682861,-0.4787244200706482,0.0,0.0,-0.8779652118682861,-0.4787244200706482,0.0,1.0,35.0,-3.0092359174201144,38,31,apf_fsm,1,200.0,0.0
2026-08-18T06:25:32.121+00:00,1787034332.121789,194144.1227447,4.443011600000318,28,2,RUN,RUN,1.0023283806833958,0.8374822689982093,-2.5086204381157535,246.6733455657959,0.2,0.4,0.2,0.4,0.9138498597350999,-2.642391395251889,-0.1337709571361354,-0.8779652118682861,-0.4787244200706482,0.0,0.0,-0.8779652118682861,-0.4787244200706482,0.0,1.0,35.0,-1.337709571361354,36,33,apf_fsm,1,200.0,0.0
2026-08-18T06:25:32.268+00:00,1787034332.268865,194144.2699836,4.590250500012189,29,2,RUN,RUN,1.0023283806833958,0.8374822689982093,-2.5086204381157535,393.749475479126,0.2,0.4,0.2,0.4,0.9138498597350999,-2.642391395251889,-0.1337709571361354,-0.8779652118682861,-0.4787244200706482,0.0,0.0,-0.8779652118682861,-0.4787244200706482,0.0,1.0,35.0,-1.337709571361354,36,33,apf_fsm,1,200.0,0.0
2026-08-18T06:25:32.759+00:00,1787034332.7598324,194144.7601529,5.080419800011441,32,2,RUN,RUN,0.9992111728859512,0.8333797228312657,-2.4971235750449714,129.97102737426758,0.2,0.4,0.2,0.4,0.9091515181899233,-2.6447117875432338,-0.14758821249826237,-0.8790736794471741,-0.47668591141700745,0.0,0.0,-0.8790736794471741,-0.47668591141700745,0.0,1.0,35.0,-6.641469562421807,41,28,apf_fsm,1,200.0,0.0
2026-08-18T06:25:32.934+00:00,1787034332.9347508,194144.9352,5.255466900009196,33,2,RUN,RUN,0.9970225540720984,0.8306309252941111,-2.4971235750449714,136.46960258483887,0.2,0.4,0.2,0.4,0.9059182885444322,-2.646227501293701,-0.14910392624872948,-0.8797951936721802,-0.475352942943573,0.0,0.0,-0.8797951936721802,-0.475352942943573,0.0,1.0,35.0,-1.5440892437536435,36,33,apf_fsm,1,200.0,0.0
2026-08-18T06:25:33.127+00:00,1787034333.1287463,194145.1289686,5.449235500011127,34,2,RUN,RUN,0.9800602905030842,0.8152700542374853,-2.4971235750449714,155.89570999145508,0.2,0.4,0.2,0.4,0.8837099494552272,-2.652396240311184,-0.15527266526621242,-0.8827107548713684,-0.4699167013168335,0.0,0.0,-0.8827107548713684,-0.4699167013168335,0.0,1.0,35.0,-1.768632518274027,36,33,apf_fsm,1,200.0,0.0
2026-08-18T06:25:33.274+00:00,1787034333.274595,194145.2757393,5.59600620000856,35,2,RUN,RUN,0.9696251455081019,0.8061081057261661,-2.5117493075319417,112.56670951843262,0.2,0.4,0.2,0.4,0.870199206006798,-2.6560548490816216,-0.1443055415496799,-0.884424090385437,-0.4666840732097626,0.0,0.0,-0.884424090385437,-0.4666840732097626,0.0,1.0,35.0,-1.0592060854181606,36,33,apf_fsm,1,200.0,0.0
2026-08-18T06:25:33.420+00:00,1787034333.4206424,194145.4214273,5.7416941999981645,36,2,RUN,RUN,0.9597813483651827,0.7980729589194955,-2.573741615109368,106.83298110961914,0.2,0.4,0.2,0.4,0.8577469195202846,-2.6589841029241965,-0.08524248781482857,-0.885787308216095,-0.46409136056900024,0.0,0.0,-0.885787308216095,-0.46409136056900024,0.0,1.0,35.0,1.2147820025715106,33,36,apf_fsm,1,200.0,0.0
2026-08-18T06:25:33.559+00:00,1787034333.559613,194145.5603052,5.880572099995334,37,2,RUN,RUN,0.9597813483651827,0.7980729589194955,-2.573741615109368,245.8035945892334,0.2,0.4,0.2,0.4,0.8577469195202846,-2.6589841029241965,-0.08524248781482857,-0.885787308216095,-0.46409136056900024,0.0,0.0,-0.885787308216095,-0.46409136056900024,0.0,1.0,35.0,-0.8524248781482857,35,34,apf_fsm,1,200.0,0.0
2026-08-18T06:25:33.706+00:00,1787034333.7066035,194145.7074136,6.027680500003044,38,2,RUN,RUN,0.9564896633456677,0.7957201945813848,-2.6017178892671664,114.05253410339355,0.2,0.4,0.2,0.4,0.8537394703001441,-2.6596358231467345,-0.05791793387956812,-0.8860896229743958,-0.4635140001773834,0.0,0.0,-0.8860896229743958,-0.4635140001773834,0.0,1.0,35.0,0.3771800489384347,34,35,apf_fsm,1,200.0,0.0
2026-08-18T06:25:33.845+00:00,1787034333.845237,194145.8459789,6.166245800006436,39,2,RUN,RUN,0.9462886354422084,0.7894850615416602,-2.6723204180785203,113.45410346984863,0.2,0.4,0.2,0.4,0.8418107510327392,-2.6605821019379428,0.01173831614057752,-0.8865278363227844,-0.4626753032207489,0.0,0.0,-0.8865278363227844,-0.4626753032207489,0.0,1.0,35.0,2.5553519121108725,32,37,apf_fsm,1,200.0,0.0
2026-08-18T06:25:33.984+00:00,1787034333.9848094,194145.9851526,6.3054195000149775,40,2,RUN,RUN,0.9388971427667041,0.7860275971071456,-2.7081662214135886,111.55128479003906,0.2,0.4,0.2,0.4,0.833658379264022,-2.660156552586364,0.04800966882722468,-0.8863308429718018,-0.46305251121520996,0.0,0.0,-0.8863308429718018,-0.46305251121520996,0.0,1.0,35.0,1.7495940323048975,33,36,apf_fsm,1,200.0,0.0
2026-08-18T06:25:34.126+00:00,1787034334.12625,194146.1269245,6.447191399987787,41,2,RUN,RUN,0.9343917935817612,0.7839201628911,-2.743109079351657,111.4816665649414,0.2,0.4,0.2,0.4,0.8286893253533346,-2.659893122319905,0.08321595703175166,-0.8862088322639465,-0.46328598260879517,0.0,0.0,-0.8862088322639465,-0.46328598260879517,0.0,1.0,35.0,2.064379657475961,32,37,apf_fsm,1,200.0,0.0
2026-08-18T06:25:34.274+00:00,1787034334.2748396,194146.275529,6.595795900007943,42,2,RUN,RUN,0.9290278973020567,0.781399559415235,-2.7762326523883356,107.15794563293457,0.2,0.4,0.2,0.4,0.8227680711882259,-2.65958775407243,0.11664489831590563,-0.8860673308372498,-0.46355658769607544,0.0,0.0,-0.8860673308372498,-0.46355658769607544,0.0,1.0,35.0,2.336461928104445,32,37,apf_fsm,1,200.0,0.0
2026-08-18T06:25:34.415+00:00,1787034334.415905,194146.4163883,6.736655199987581,43,2,RUN,RUN,0.9230957724772291,0.7791715699894919,-2.8046800830783987,106.96053504943848,0.2,0.4,0.2,0.4,0.8164793785900148,-2.658637645282317,0.14604243779608161,-0.885626494884491,-0.46439823508262634,0.0,0.0,-0.885626494884491,-0.46439823508262634,0.0,1.0,35.0,2.4893382597669755,32,37,apf_fsm,1,200.0,0.0
2026-08-18T06:25:34.555+00:00,1787034334.5555067,194146.5565156,6.876782500010449,44,2,RUN,RUN,0.9159174495062682,0.7762371003894719,-2.8295833628436844,106.83274269104004,0.2,0.4,0.2,0.4,0.8087596368619279,-2.6577291899687694,0.171854172874915,-0.8852041959762573,-0.46520256996154785,0.0,0.0,-0.8852041959762573,-0.46520256996154785,0.0,1.0,35.0,2.6219524565083185,32,37,apf_fsm,1,200.0,0.0
2026-08-18T06:25:34.698+00:00,1787034334.698585,194146.698817,7.0190838999988046,45,2,RUN,RUN,0.9081115350619448,0.773821357133343,-2.8454162539282453,109.84015464782715,0.2,0.4,0.2,0.4,0.8007273900253432,-2.655864719027071,0.18955153490117427,-0.8843353390693665,-0.46685221791267395,0.0,0.0,-0.8843353390693665,-0.46685221791267395,0.0,1.0,35.0,2.514923019930817,32,37,apf_fsm,1,200.0,0.0
2026-08-18T06:25:34.856+00:00,1787034334.8561692,194146.8566242,7.176891100010835,46,2,RUN,RUN,0.8831505152101173,0.7645224632984238,-2.853602746543093,127.28381156921387,0.2,0.4,0.2,0.4,0.7743198645785858,-2.651435311671826,0.2021674348712672,-0.8822587728500366,-0.470764696598053,0.0,0.0,-0.8822587728500366,-0.470764696598053,0.0,1.0,35.0,2.463230847665925,32,37,apf_fsm,1,200.0,0.0
2026-08-18T06:25:34.993+00:00,1787034334.9937248,194146.9943395,7.314606400002958,47,2,RUN,RUN,0.8696342178278645,0.7589347300071646,-2.853602746543093,109.76433753967285,0.2,0.4,0.2,0.4,0.7597658363543678,-2.6495489808455837,0.20405376569750944,-0.8813691735267639,-0.4724280834197998,0.0,0.0,-0.8813691735267639,-0.4724280834197998,0.0,1.0,35.0,2.1065592358935725,32,37,apf_fsm,1,200.0,0.0
2026-08-18T06:25:35.154+00:00,1787034335.1541836,194147.1546502,7.4749171000148635,48,2,RUN,RUN,0.8661014577540556,0.7574409126530937,-2.853602746543093,120.11361122131348,0.2,0.4,0.2,0.4,0.7559465312178861,-2.649082845158255,0.20451990138483822,-0.8811489343643188,-0.4728389084339142,0.0,0.0,-0.8811489343643188,-0.4728389084339142,0.0,1.0,35.0,2.0615137629048896,32,37,apf_fsm,1,200.0,0.0
2026-08-18T06:25:35.294+00:00,1787034335.2949452,194147.2959376,7.6162044999946374,49,2,RUN,RUN,0.8595705213833935,0.7544781431850539,-2.8293377846094057,106.2312126159668,0.2,0.4,0.2,0.4,0.7487910433985473,-2.6484452269385286,0.18089255767087709,-0.8808472156524658,-0.47340062260627747,0.0,0.0,-0.8808472156524658,-0.47340062260627747,0.0,1.0,35.0,0.9819685467201311,34,35,apf_fsm,1,200.0,0.0
2026-08-18T06:25:35.434+00:00,1787034335.4347115,194147.4358037,7.756070600007661,50,2,RUN,RUN,0.8494324645442808,0.7498977480907176,-2.8032074679064367,106.50753974914551,0.2,0.4,0.2,0.4,0.7376929985590306,-2.647408588116995,0.15579887978944162,-0.8803560137748718,-0.47431349754333496,0.0,0.0,-0.8803560137748718,-0.47431349754333496,0.0,1.0,35.0,0.6797100720441751,34,35,apf_fsm,1,200.0,0.0
2026-08-18T06:25:35.581+00:00,1787034335.5810814,194147.5820084,7.902275300002657,51,2,RUN,RUN,0.8443048385851774,0.7470779906001044,-2.787388209494188,112.55383491516113,0.2,0.4,0.2,0.4,0.7318414149139671,-2.6474772866797744,0.13991092281441375,-0.880388617515564,-0.4742530286312103,0.0,0.0,-0.880388617515564,-0.4742530286312103,0.0,1.0,35.0,0.843030734018162,34,35,apf_fsm,1,200.0,0.0
2026-08-18T06:25:35.725+00:00,1787034335.7251115,194147.725779,8.046045900002355,52,2,RUN,RUN,0.8443048385851774,0.7470779906001044,-2.787388209494188,256.58392906188965,0.2,0.4,0.2,0.4,0.7318414149139671,-2.6474772866797744,0.13991092281441375,-0.880388617515564,-0.4742530286312103,0.0,0.0,-0.880388617515564,-0.4742530286312103,0.0,1.0,35.0,1.3991092281441375,33,36,apf_fsm,1,200.0,0.0
2026-08-18T06:25:35.865+00:00,1787034335.8657203,194147.8660305,8.186297400010517,53,2,RUN,RUN,0.8408370263526751,0.7449752848248605,-2.7621586815665053,109.34042930603027,0.2,0.4,0.2,0.4,0.727791207342142,-2.6477611438232382,0.11439753774326711,-0.8805232048034668,-0.4740031063556671,0.0,0.0,-0.8805232048034668,-0.4740031063556671,0.0,1.0,35.0,0.25100689994253855,34,35,apf_fsm,1,200.0,0.0
2026-08-18T06:25:36.010+00:00,1787034336.0108669,194148.0112368,8.331503699999303,54,2,RUN,RUN,0.8256266787871399,0.7352536483266845,-2.692921865287146,113.49272727966309,0.2,0.4,0.2,0.4,0.7097913425272101,-2.649663623799664,0.04325824148748225,-0.8814234137535095,-0.4723270833492279,0.0,0.0,-0.8814234137535095,-0.4723270833492279,0.0,1.0,35.0,-2.0572929540776475,37,32,apf_fsm,1,200.0,0.0
2026-08-18T06:25:36.144+00:00,1787034336.1448143,194148.1455536,8.46582050001598,55,2,RUN,RUN,0.8122335360863573,0.7255535429881641,-2.607157214879013,109.79342460632324,0.2,0.4,0.2,0.4,0.6934082578545999,-2.6528709231551653,-0.045713708276152065,-0.8829337358474731,-0.4694976508617401,0.0,0.0,-0.8829337358474731,-0.4694976508617401,0.0,1.0,35.0,-3.5711553244887217,38,31,apf_fsm,1,200.0,0.0
2026-08-18T06:25:36.293+00:00,1787034336.293149,194148.2940575,8.614324399997713,56,2,RUN,RUN,0.8075483983950149,0.7223251729918163,-2.577898354136373,119.58193778991699,0.2,0.4,0.2,0.4,0.6877561875668965,-2.653817178081178,-0.07591882394480498,-0.8833776116371155,-0.46866196393966675,0.0,0.0,-0.8833776116371155,-0.46866196393966675,0.0,1.0,35.0,-1.8163672878509018,36,33,apf_fsm,1,200.0,0.0
2026-08-18T06:25:36.441+00:00,1787034336.4418697,194148.4420174,8.76228429999901,57,2,RUN,RUN,0.8039905388179776,0.7198956455822607,-2.5595675164555094,126.14274024963379,0.2,0.4,0.2,0.4,0.683474794739442,-2.654517629550111,-0.09495011309460155,-0.8837056756019592,-0.46804308891296387,0.0,0.0,-0.8837056756019592,-0.46804308891296387,0.0,1.0,35.0,-1.6155962511888955,36,33,apf_fsm,1,200.0,0.0
2026-08-18T06:25:36.597+00:00,1787034336.5978415,194148.5981556,8.91842249999172,58,2,RUN,RUN,0.795939246522988,0.7131371054909057,-2.5595675164555094,129.29487228393555,0.2,0.4,0.2,0.4,0.6732001428859097,-2.657791818002457,-0.0982243015469475,-0.8852333426475525,-0.46514713764190674,0.0,0.0,-0.8852333426475525,-0.46514713764190674,0.0,1.0,35.0,-1.0968396113015833,36,33,apf_fsm,1,200.0,0.0
2026-08-18T06:25:36.758+00:00,1787034336.7581184,194148.7596233,9.079890199995134,59,2,RUN,RUN,0.7814683672737426,0.7029759835737519,-2.605390264744602,117.79451370239258,0.2,0.4,0.2,0.4,0.6556675291353647,-2.661244627004815,-0.05585436226021301,-0.8868342041969299,-0.46208786964416504,0.0,0.0,-0.8868342041969299,-0.46208786964416504,0.0,1.0,35.0,0.9244042524335772,34,35,apf_fsm,1,200.0,0.0
2026-08-18T06:25:36.913+00:00,1787034336.9134934,194148.9137376,9.234004500001902,60,2,RUN,RUN,0.7777474103931076,0.7004300123809759,-2.6238906766940504,126.31726264953613,0.2,0.4,0.2,0.4,0.6511914177530099,-2.662071525525782,-0.03818084883173167,-0.8872159719467163,-0.4613543748855591,0.0,0.0,-0.8872159719467163,-0.4613543748855591,0.0,1.0,35.0,0.23676448167953001,34,35,apf_fsm,1,200.0,0.0
2026-08-18T06:25:37.100+00:00,1787034337.100626,194149.1012138,9.4214806999953,61,2,RUN,RUN,0.7665438353807494,0.6936821258166664,-2.6881880146989663,156.94046020507812,0.2,0.4,0.2,0.4,0.6381387846167368,-2.663353374530755,0.02483464016821113,-0.8878065943717957,-0.4602167010307312,0.0,0.0,-0.8878065943717957,-0.4602167010307312,0.0,1.0,35.0,2.4538885166801094,32,37,apf_fsm,1,200.0,0.0
2026-08-18T06:25:37.243+00:00,1787034337.2438116,194149.2443596,9.56462650001049,62,2,RUN,RUN,0.7633444249566235,0.691796245788536,-2.708517252611293,113.91949653625488,0.2,0.4,0.2,0.4,0.6344304455068283,-2.6636716001404164,0.04484565247087646,-0.887952983379364,-0.45993414521217346,0.0,0.0,-0.887952983379364,-0.45993414521217346,0.0,1.0,35.0,1.1488419553020512,33,36,apf_fsm,1,200.0,0.0
2026-08-18T06:25:37.395+00:00,1787034337.3958309,194149.396591,9.716857899999013,63,2,RUN,RUN,0.7559090285367679,0.6878348584250172,-2.745240883027998,110.87274551391602,0.2,0.4,0.2,0.4,0.6260061930470358,-2.6638277139698046,0.08141316905819362,-0.8880248069763184,-0.4597955346107483,0.0,0.0,-0.8880248069763184,-0.4597955346107483,0.0,1.0,35.0,2.093994771138037,32,37,apf_fsm,1,200.0,0.0
2026-08-18T06:25:37.540+00:00,1787034337.540754,194149.5417993,9.862066200003028,64,2,RUN,RUN,0.7453788128527559,0.682956295749289,-2.7817239538362646,116.28985404968262,0.2,0.4,0.2,0.4,0.6144121701373113,-2.6629984920901606,0.11872546174610399,-0.8876432776451111,-0.4605317711830139,0.0,0.0,-0.8876432776451111,-0.4605317711830139,0.0,1.0,35.0,2.4931848615379026,32,37,apf_fsm,1,200.0,0.0
2026-08-18T06:25:37.686+00:00,1787034337.6863222,194149.6870225,10.007289400004083,65,2,RUN,RUN,0.7330771683189666,0.67822744911783,-2.8401013571539577,104.69484329223633,0.2,0.4,0.2,0.4,0.6013167059259059,-2.660557600428225,0.17954375672573253,-0.8865164518356323,-0.46269699931144714,0.0,0.0,-0.8865164518356323,-0.46269699931144714,0.0,1.0,35.0,3.924077891544324,31,38,apf_fsm,1,200.0,0.0
2026-08-18T06:25:37.824+00:00,1787034337.8249004,194149.8257502,10.146017099992605,66,2,RUN,RUN,0.7279365401788134,0.676192519349963,-2.8764178904290723,106.55808448791504,0.2,0.4,0.2,0.4,0.5958181754535989,-2.659593272893408,0.2168246175356643,-0.8860698938369751,-0.46355170011520386,0.0,0.0,-0.8860698938369751,-0.46355170011520386,0.0,0.9843623844594761,35.0,3.4730763037042545,31,38,apf_fsm,1,200.0,0.0
2026-08-18T06:25:37.972+00:00,1787034337.9729695,194149.9732077,10.293474600010086,67,2,RUN,RUN,0.7180230255843454,0.6729577126961664,-2.915141738572387,110.0459098815918,0.2,0.4,0.2,0.4,0.5855371618914399,-2.656640165949457,0.25850157262292983,-0.8846971392631531,-0.46616634726524353,0.0,0.0,-0.8846971392631531,-0.46616634726524353,0.0,0.8961134025012973,35.0,4.043709154283592,30,39,apf_fsm,1,200.0,0.0
2026-08-18T06:25:38.111+00:00,1787034338.1110826,194150.1115764,10.431843300000764,68,2,RUN,RUN,0.710393624031366,0.6708012260287491,-2.9407282926150056,109.6494197845459,0.2,0.4,0.2,0.4,0.5777845233913289,-2.653786620215886,0.2869416723991196,-0.8833632469177246,-0.4686889350414276,0.0,0.0,-0.8833632469177246,-0.4686889350414276,0.0,0.8358928358408348,35.0,3.864820216157838,31,38,apf_fsm,1,200.0,0.0
2026-08-18T06:25:38.249+00:00,1787034338.2498295,194150.2502627,10.570529599994188,69,2,RUN,RUN,0.70553088504717,0.669515152984188,-2.9499410867477085,105.14402389526367,0.2,0.4,0.2,0.4,0.5728873304801436,-2.651791375789486,0.2981497109582225,-0.8824264407157898,-0.47045058012008667,0.0,0.0,-0.8824264407157898,-0.47045058012008667,0.0,0.812160344095269,35.0,3.373778459150827,31,38,apf_fsm,1,200.0,0.0
2026-08-18T06:25:38.393+00:00,1787034338.3937788,194150.3941614,10.714428300008876,70,2,RUN,RUN,0.693822399890248,0.6656037690784684,-2.936916644544764,109.40051078796387,0.2,0.4,0.2,0.4,0.5607191139795863,-2.6481232671010377,0.28879337744372613,-0.8806947469711304,-0.4736841917037964,0.0,0.0,-0.8806947469711304,-0.4736841917037964,0.0,0.8319719379553923,35.0,2.560462101429888,32,37,apf_fsm,1,200.0,0.0
2026-08-18T06:25:38.527+00:00,1787034338.5271666,194150.5280421,10.848308999993606,71,2,RUN,RUN,0.6837112232620236,0.6618721481595417,-2.8904760352807575,104.48765754699707,0.2,0.4,0.2,0.4,0.5500486973817283,-2.64539065500428,0.24508538027647742,-0.8793970346450806,-0.4760890007019043,0.0,0.0,-0.8793970346450806,-0.4760890007019043,0.0,0.9245215554925723,35.0,0.9210739019110692,34,35,apf_fsm,1,200.0,0.0
2026-08-18T06:25:38.670+00:00,1787034338.6700022,194150.6705976,10.99086449999595,72,2,RUN,RUN,0.6808747461601383,0.6606957416372513,-2.876428389297419,108.91222953796387,0.2,0.4,0.2,0.4,0.5469943246528011,-2.644813163564376,0.23161522573304305,-0.8791220188140869,-0.47659680247306824,0.0,0.0,-0.8791220188140869,-0.47659680247306824,0.0,0.9530439708846852,35.0,1.8446968483102277,33,36,apf_fsm,1,200.0,0.0
2026-08-18T06:25:38.808+00:00,1787034338.8083546,194150.8092061,11.129473000008147,73,2,RUN,RUN,0.6787348588525111,0.6597415052655483,-2.858094582934214,107.51795768737793,0.2,0.4,0.2,0.4,0.5446583467074994,-2.6444808695094553,0.21361371342475888,-0.8789635300636292,-0.47688886523246765,0.0,0.0,-0.8789635300636292,-0.47688886523246765,0.0,0.9911613221064185,35.0,1.5060842034576427,33,36,apf_fsm,1,200.0,0.0
2026-08-18T06:25:38.944+00:00,1787034338.9448795,194150.9451703,11.265437199996086,74,2,RUN,RUN,0.6646499718072704,0.6522708983237555,-2.7930272828054936,106.48798942565918,0.2,0.4,0.2,0.4,0.5287156158480395,-2.6441961593425996,0.14883112346289407,-0.8788278102874756,-0.4771391451358795,0.0,0.0,-0.8788278102874756,-0.4771391451358795,0.0,1.0,35.0,-0.7790794140363277,35,34,apf_fsm,1,200.0,0.0
2026-08-18T06:25:39.102+00:00,1787034339.1028059,194151.1033551,11.42362200000207,75,2,RUN,RUN,0.661216305819904,0.6502929702100197,-2.77303136587481,124.4509220123291,0.2,0.4,0.2,0.4,0.5247542774391772,-2.6443866191485315,0.12864474672627857,-0.8789187073707581,-0.4769717752933502,0.0,0.0,-0.8789187073707581,-0.4769717752933502,0.0,1.0,35.0,0.5799242814812433,34,35,apf_fsm,1,200.0,0.0
2026-08-18T06:25:39.244+00:00,1787034339.2442765,194151.2448044,11.565071299992269,76,2,RUN,RUN,0.6500924947468231,0.6442530997685543,-2.7606691865231485,111.40656471252441,0.2,0.4,0.2,0.4,0.5120965051374264,-2.644392082789487,0.1162771037336614,-0.8789212107658386,-0.476966917514801,0.0,0.0,-0.8789212107658386,-0.476966917514801,0.0,1.0,35.0,0.7299035325950132,34,35,apf_fsm,1,200.0,0.0
2026-08-18T06:25:39.388+00:00,1787034339.388126,194151.3892495,11.709516400005668,77,2,RUN,RUN,0.6444691017186107,0.6411468300003065,-2.7606691865231485,113.97171020507812,0.2,0.4,0.2,0.4,0.5056723998813317,-2.64448697968197,0.11618220684117864,-0.8789665102958679,-0.47688353061676025,0.0,0.0,-0.8789665102958679,-0.47688353061676025,0.0,1.0,35.0,1.1585006771748896,33,36,apf_fsm,1,200.0,0.0
2026-08-18T06:25:39.540+00:00,1787034339.54001,194151.5408335,11.86110040001222,78,2,RUN,RUN,0.6308422248968469,0.6340654490722253,-2.7606691865231485,112.18380928039551,0.2,0.4,0.2,0.4,0.4903179144223141,-2.643927896921501,0.11674128960164731,-0.8786997199058533,-0.4773748517036438,0.0,0.0,-0.8786997199058533,-0.4773748517036438,0.0,1.0,35.0,1.1869807926328768,33,36,apf_fsm,1,200.0,0.0
2026-08-18T06:25:39.687+00:00,1787034339.6873045,194151.6882396,12.008506499987561,79,2,RUN,RUN,0.6233315240593091,0.630036989516233,-2.7606691865231485,104.40182685852051,0.2,0.4,0.2,0.4,0.481795180349564,-2.643833240235619,0.11683594628752969,-0.8786545395851135,-0.47745802998542786,0.0,0.0,-0.8786545395851135,-0.47745802998542786,0.0,1.0,35.0,1.17167244688118,33,36,apf_fsm,1,200.0,0.0
2026-08-18T06:25:39.822+00:00,1787034339.8226767,194151.8235423,12.143809200002579,80,2,RUN,RUN,0.6186458372470953,0.6275642456025767,-2.7606691865231485,102.18214988708496,0.2,0.4,0.2,0.4,0.47649745321564024,-2.643697775858682,0.11697141066446637,-0.8785898685455322,-0.4775770604610443,0.0,0.0,-0.8785898685455322,-0.4775770604610443,0.0,1.0,35.0,1.1744553598374474,33,36,apf_fsm,1,200.0,0.0
2026-08-18T06:25:39.976+00:00,1787034339.9768736,194151.97769,12.297956900001736,81,2,RUN,RUN,0.6152396050926447,0.6257225184591951,-2.7606691865231485,113.65652084350586,0.2,0.4,0.2,0.4,0.4726252056091139,-2.643679556749384,0.11698962977376448,-0.8785811066627502,-0.4775930345058441,0.0,0.0,-0.8785811066627502,-0.4775930345058441,0.0,1.0,35.0,1.1705339665630787,33,36,apf_fsm,1,200.0,0.0
2026-08-18T06:25:40.136+00:00,1787034340.136387,194152.1374177,12.457684599998174,82,2,RUN,RUN,0.6042069211212986,0.619580084631653,-2.75112832189856,130.45668601989746,0.2,0.4,0.2,0.4,0.4599985311380935,-2.643956728939552,0.1071715929590078,-0.8787134885787964,-0.47734951972961426,0.0,0.0,-0.8787134885787964,-0.47734951972961426,0.0,1.0,35.0,0.7280846410735942,34,35,apf_fsm,1,200.0,0.0
2026-08-18T06:25:40.291+00:00,1787034340.2915401,194152.292008,12.612274899991462,83,2,RUN,RUN,0.6010249170228131,0.6176359977160153,-2.75112832189856,116.75620079040527,0.2,0.4,0.2,0.4,0.45627449147963506,-2.6443717346895776,0.10675658720898218,-0.878911554813385,-0.47698482871055603,0.0,0.0,-0.878911554813385,-0.47698482871055603,0.0,1.0,35.0,1.053040670838925,33,36,apf_fsm,1,200.0,0.0
2026-08-18T06:25:40.436+00:00,1787034340.436763,194152.4377692,12.758036100014579,84,2,RUN,RUN,0.5951482332080427,0.6140385411861324,-2.75112832189856,122.33209609985352,0.2,0.4,0.2,0.4,0.44939361735623856,-2.6451700945382335,0.10595822736032634,-0.8792920708656311,-0.4762829840183258,0.0,0.0,-0.8792920708656311,-0.4762829840183258,0.0,1.0,35.0,1.031639678900309,33,36,apf_fsm,1,200.0,0.0
2026-08-18T06:25:40.606+00:00,1787034340.6068246,194152.607021,12.927287900005467,85,2,RUN,RUN,0.5866447128418301,0.609135365096945,-2.75112832189856,138.9167308807373,0.2,0.4,0.2,0.4,0.4395813177362906,-2.6457643833646527,0.10536393853390713,-0.8795749545097351,-0.4757603406906128,0.0,0.0,-0.8795749545097351,-0.4757603406906128,0.0,1.0,35.0,1.032839276414399,33,36,apf_fsm,1,200.0,0.0
2026-08-18T06:25:40.772+00:00,1787034340.7729955,194152.7739552,13.094222100015031,86,2,RUN,RUN,0.5828217008853676,0.6073587100926243,-2.75112832189856,135.08963584899902,0.2,0.4,0.2,0.4,0.4353735055329422,-2.6451760670816378,0.10595225481692205,-0.8792948722839355,-0.4762777090072632,0.0,0.0,-0.8792948722839355,-0.4762777090072632,0.0,1.0,35.0,1.0801136180747428,33,36,apf_fsm,1,200.0,0.0
2026-08-18T06:25:40.940+00:00,1787034340.9401557,194152.9409995,13.261266399989836,87,2,RUN,RUN,0.5760480973225848,0.6038992597199413,-2.7764302766205007,138.46492767333984,0.2,0.4,0.2,0.4,0.4277698909627421,-2.6447453385991535,0.13168493802134718,-0.8790896534919739,-0.47665640711784363,0.0,0.0,-0.8790896534919739,-0.47665640711784363,0.0,1.0,35.0,2.217493292368351,32,37,apf_fsm,1,200.0,0.0
2026-08-18T06:25:41.131+00:00,1787034341.1314254,194153.1318679,13.45213479999802,88,2,RUN,RUN,0.5672306819982342,0.5996744835250616,-2.8073434619507087,156.10361099243164,0.2,0.4,0.2,0.4,0.41800511141837526,-2.6435757000151945,0.16376776193551423,-0.8785315752029419,-0.4776843190193176,0.0,0.0,-0.8785315752029419,-0.4776843190193176,0.0,1.0,35.0,2.7605764563509894,32,37,apf_fsm,1,200.0,0.0
2026-08-18T06:25:41.276+00:00,1787034341.2769,194153.2773663,13.597633199999109,89,2,RUN,RUN,0.5543409752997772,0.5947312273447776,-2.856211071314343,117.0203685760498,0.2,0.4,0.2,0.4,0.40432385247422736,-2.639088215324677,0.21712285598966607,-0.876379132270813,-0.4816218912601471,0.0,0.0,-0.876379132270813,-0.4816218912601471,0.0,0.9837308786335027,35.0,4.038656851791975,30,39,apf_fsm,1,200.0,0.0
2026-08-18T06:25:41.424+00:00,1787034341.4243023,194153.4247549,13.74502180001582,90,2,RUN,RUN,0.5484510400740925,0.5927695718508212,-2.8788203854664296,105.27586936950684,0.2,0.4,0.2,0.4,0.39821882823425836,-2.636281780605541,0.24253860486088863,-0.8750240206718445,-0.4840794801712036,0.0,0.0,-0.8750240206718445,-0.4840794801712036,0.0,0.9299142320264322,35.0,3.3149372591016757,31,38,apf_fsm,1,200.0,0.0
2026-08-18T06:25:41.568+00:00,1787034341.5685952,194153.5688806,13.889147500012768,91,2,RUN,RUN,0.5358825817889026,0.5885139247911656,-2.886708534747251,110.00895500183105,0.2,0.4,0.2,0.4,0.3851682860638296,-2.6301536404307315,0.25655489431651946,-0.8720411658287048,-0.4894326627254486,0.0,0.0,-0.8720411658287048,-0.4894326627254486,0.0,0.9002354017783818,35.0,3.0561190741122735,31,38,apf_fsm,1,200.0,0.0
2026-08-18T06:25:41.719+00:00,1787034341.7197356,194153.7198856,14.040152500005206,92,2,RUN,RUN,0.5304865651422548,0.5865600977068776,-2.886708534747251,108.88171195983887,0.2,0.4,0.2,0.4,0.379507628112961,-2.627684215084622,0.25902431966262895,-0.8708298206329346,-0.49158456921577454,0.0,0.0,-0.8708298206329346,-0.49158456921577454,0.0,0.8950065103596209,35.0,2.676673083740122,32,37,apf_fsm,1,200.0,0.0
2026-08-18T06:25:41.860+00:00,1787034341.8604875,194153.8614669,14.181733800010988,93,2,RUN,RUN,0.5246405625015929,0.5843575207071063,-2.886708534747251,112.57529258728027,0.2,0.4,0.2,0.4,0.37333522504931377,-2.62512423740885,0.26158429733840105,-0.8695685267448425,-0.4938122630119324,0.0,0.0,-0.8695685267448425,-0.4938122630119324,0.0,0.8895858786640106,35.0,2.705442192036034,32,37,apf_fsm,1,200.0,0.0
2026-08-18T06:25:42.001+00:00,1787034342.0012774,194154.0021342,14.32240110001294,94,2,RUN,RUN,0.5175466919768771,0.5821921108207921,-2.886708534747251,109.99703407287598,0.2,0.4,0.2,0.4,0.3661008970636284,-2.620699007095081,0.2660095276521699,-0.8673747777938843,-0.49765545129776,0.0,0.0,-0.8673747777938843,-0.49765545129776,0.0,0.8802156626944688,35.0,2.8149783375036086,32,37,apf_fsm,1,200.0,0.0
2026-08-18T06:25:42.145+00:00,1787034342.1452978,194154.1462766,14.46654349999153,95,2,RUN,RUN,0.5133616909120341,0.5807417039644412,-2.886708534747251,114.34125900268555,0.2,0.4,0.2,0.4,0.3617500696381673,-2.618419443493663,0.268289091253588,-0.8662380576133728,-0.4996313750743866,0.0,0.0,-0.8662380576133728,-0.4996313750743866,0.0,0.8753887945436443,35.0,2.7626756385855145,32,37,apf_fsm,1,200.0,0.0
2026-08-18T06:25:42.292+00:00,1787034342.29279,194154.2935192,14.613786100002471,96,2,RUN,RUN,0.5060615542973511,0.5783600320997295,-2.886708534747251,106.11891746520996,0.2,0.4,0.2,0.4,0.35423999783977944,-2.613947102910402,0.272761431836849,-0.8639949560165405,-0.5035005211830139,0.0,0.0,-0.8639949560165405,-0.5035005211830139,0.0,0.865918824805773,35.0,2.8841462387826233,32,37,apf_fsm,1,200.0,0.0
2026-08-18T06:25:42.433+00:00,1787034342.433099,194154.4338183,14.754085199994734,97,2,RUN,RUN,0.4904390594891618,0.5723900822886686,-2.8505170458392524,104.2320728302002,0.2,0.4,0.2,0.4,0.3377472246347004,-2.605929367036265,0.24458767880298726,-0.8599302172660828,-0.5104115009307861,0.0,0.0,-0.8599302172660828,-0.5104115009307861,0.0,0.9255754148319272,35.0,1.4597954318447126,33,36,apf_fsm,1,200.0,0.0
2026-08-18T06:25:42.578+00:00,1787034342.5787387,194154.5794482,14.899715100007597,98,2,RUN,RUN,0.48686840178455915,0.5709144271529757,-2.835693988522486,109.66897010803223,0.2,0.4,0.2,0.4,0.33392397540676394,-2.6042716644281616,0.2314223240943245,-0.8590829968452454,-0.5118363499641418,0.0,0.0,-0.8590829968452454,-0.5118363499641418,0.0,0.9534524309845013,35.0,1.8534358261400485,33,36,apf_fsm,1,200.0,0.0
2026-08-18T06:25:42.738+00:00,1787034342.7384367,194154.7389926,15.059259500005282,99,2,RUN,RUN,0.470626503746731,0.5633781026703522,-2.782736661187594,121.12855911254883,0.2,0.4,0.2,0.4,0.316118820955576,-2.598454630303206,0.184282030884388,-0.8560910820960999,-0.5168249607086182,0.0,0.0,-0.8560910820960999,-0.5168249607086182,0.0,1.0,35.0,0.192910046496102,34,35,apf_fsm,1,200.0,0.0
2026-08-18T06:25:42.880+00:00,1787034342.8809922,194154.8818766,15.20214350000606,100,2,RUN,RUN,0.4661248854497698,0.5611849102516289,-2.7733892049844053,109.99655723571777,0.2,0.4,0.2,0.4,0.311131852995605,-2.5970115560148272,0.17637764896957808,-0.8553444147109985,-0.5180598497390747,0.0,0.0,-0.8553444147109985,-0.5180598497390747,0.0,1.0,35.0,1.487123122677434,33,36,apf_fsm,1,200.0,0.0
2026-08-18T06:25:43.028+00:00,1787034343.0286045,194155.0286991,15.348965999990469,101,2,RUN,RUN,0.46069881320536077,0.5582900048534307,-2.7733892049844053,116.85895919799805,0.2,0.4,0.2,0.4,0.3049911422372504,-2.595913596479414,0.1774756085049911,-0.8547750115394592,-0.5189986228942871,0.0,0.0,-0.8547750115394592,-0.5189986228942871,0.0,1.0,35.0,1.8131846687893671,33,36,apf_fsm,1,200.0,0.0
2026-08-18T06:25:43.182+00:00,1787034343.18249,194155.1829977,15.503264600003604,102,2,RUN,RUN,0.4499919278415344,0.5530980274242061,-2.7733892049844053,115.80109596252441,0.2,0.4,0.2,0.4,0.29314666975271936,-2.592096692395801,0.18129251258860446,-0.8527878522872925,-0.5222574472427368,0.0,0.0,-0.8527878522872925,-0.5222574472427368,0.0,1.0,35.0,1.9465167688125118,33,36,apf_fsm,1,200.0,0.0
2026-08-18T06:25:43.336+00:00,1787034343.3365421,194155.3369382,15.657205099996645,103,2,RUN,RUN,0.4468149699389057,0.5514246256250167,-2.7733892049844053,112.56980895996094,0.2,0.4,0.2,0.4,0.2895635450667424,-2.5912950489640276,0.1820941560203777,-0.852368950843811,-0.5229409337043762,0.0,0.0,-0.852368950843811,-0.5229409337043762,0.0,1.0,35.0,1.8489990803158407,33,36,apf_fsm,1,200.0,0.0
2026-08-18T06:25:43.478+00:00,1787034343.4784877,194155.4792771,15.79954400000861,104,2,RUN,RUN,0.4404677900553706,0.5477106935273159,-2.754472290932879,116.67418479919434,0.2,0.4,0.2,0.4,0.2822112808454588,-2.5907509183813744,0.16372137255150454,-0.8520842790603638,-0.5234046578407288,0.0,0.0,-0.8520842790603638,-0.5234046578407288,0.0,1.0,35.0,0.9941663041044846,34,35,apf_fsm,1,200.0,0.0
2026-08-18T06:25:43.628+00:00,1787034343.6288588,194155.6290314,15.949298299994553,105,2,RUN,RUN,0.43122723791184236,0.5423544834832689,-2.7288656808648604,112.63847351074219,0.2,0.4,0.2,0.4,0.2715342234786032,-2.589746974770069,0.13911870609479138,-0.8515583276748657,-0.5242598056793213,0.0,0.0,-0.8515583276748657,-0.5242598056793213,0.0,1.0,35.0,0.5300937349629531,34,35,apf_fsm,1,200.0,0.0
2026-08-18T06:25:43.788+00:00,1787034343.788813,194155.7890041,16.109270999993896,106,2,RUN,RUN,0.4264592627745235,0.5391096998058507,-2.7143681307171836,118.5908317565918,0.2,0.4,0.2,0.4,0.26577303526967244,-2.5907382628157554,0.12362986790142827,-0.8520776629447937,-0.5234154462814331,0.0,0.0,-0.8520776629447937,-0.5234154462814331,0.0,1.0,35.0,0.6941893422465739,34,35,apf_fsm,1,200.0,0.0
2026-08-18T06:25:43.933+00:00,1787034343.933386,194155.9343617,16.254628599999705,107,2,RUN,RUN,0.4232015936724455,0.5367452802632294,-2.6950658499386675,107.88702964782715,0.2,0.4,0.2,0.4,0.2617598576791113,-2.591920916035411,0.10314493390325641,-0.8526960611343384,-0.5224073529243469,0.0,0.0,-0.8526960611343384,-0.5224073529243469,0.0,1.0,35.0,0.31447664909654893,34,35,apf_fsm,1,200.0,0.0
2026-08-18T06:25:44.088+00:00,1787034344.0882418,194156.0892512,16.40951810000115,108,2,RUN,RUN,0.41193779071945347,0.5283348177067628,-2.6532926998037927,123.8870620727539,0.2,0.4,0.2,0.4,0.24776491392219135,-2.597116446107804,0.05617625369598889,-0.8553987741470337,-0.5179701447486877,0.0,0.0,-0.8553987741470337,-0.5179701447486877,0.0,1.0,35.0,-1.0821412702944744,36,33,apf_fsm,1,200.0,0.0
2026-08-18T06:25:44.226+00:00,1787034344.2263372,194156.2267811,16.547048000007635,109,2,RUN,RUN,0.40650622553539706,0.5239782910332866,-2.6340054252078464,108.27970504760742,0.2,0.4,0.2,0.4,0.24086394049838716,-2.600907695280496,0.03309772992735027,-0.8573563098907471,-0.5147233605384827,0.0,0.0,-0.8573563098907471,-0.5147233605384827,0.0,1.0,35.0,-0.4767710326288488,35,34,apf_fsm,1,200.0,0.0
2026-08-18T06:25:44.378+00:00,1787034344.3782177,194156.3792193,16.699486199999228,110,2,RUN,RUN,0.4029539684412589,0.5210995637164964,-2.61974118043389,122.12324142456055,0.2,0.4,0.2,0.4,0.23633750789576602,-2.603614288071001,0.01612689236288878,-0.858746349811554,-0.5124009847640991,0.0,0.0,-0.858746349811554,-0.5124009847640991,0.0,1.0,35.0,-0.4327103911272645,35,34,apf_fsm,1,200.0,0.0
2026-08-18T06:25:44.534+00:00,1787034344.5340784,194156.5344431,16.854710000014165,111,2,RUN,RUN,0.39328288565631486,0.5135353404284649,-2.61974118043389,127.83455848693848,0.2,0.4,0.2,0.4,0.22416187769966484,-2.610485673020279,0.009255507413611141,-0.8622469305992126,-0.5064881443977356,0.0,0.0,-0.8622469305992126,-0.5064881443977356,0.0,1.0,35.0,-0.14794339908860588,35,34,apf_fsm,1,200.0,0.0
2026-08-18T06:25:44.696+00:00,1787034344.6964278,194156.6965978,17.016864700010046,112,2,RUN,RUN,0.3804885902982116,0.5045368727667799,-2.6477356596236143,126.45173072814941,0.2,0.4,0.2,0.4,0.20857633853266674,-2.6166164756925077,0.031119183931106686,-0.8653358817100525,-0.5011923909187317,0.0,0.0,-0.8653358817100525,-0.5011923909187317,0.0,1.0,35.0,1.076420517423411,33,36,apf_fsm,1,200.0,0.0
2026-08-18T06:25:44.856+00:00,1787034344.856171,194156.8563926,17.176659499993548,113,2,RUN,RUN,0.3749512783364028,0.5012490977024784,-2.672394521789633,130.53369522094727,0.2,0.4,0.2,0.4,0.202136908003233,-2.616961625822297,0.05543289596733603,-0.8655088543891907,-0.5008937120437622,0.0,0.0,-0.8655088543891907,-0.5008937120437622,0.0,1.0,35.0,1.4053088809413872,33,36,apf_fsm,1,200.0,0.0
2026-08-18T06:25:45.042+00:00,1787034345.0422804,194157.0422871,17.362553999992087,114,2,RUN,RUN,0.3713398737223071,0.49911343906797623,-2.685582318175019,146.32320404052734,0.2,0.4,0.2,0.4,0.19794147147845892,-2.617161166817778,0.0684211513572408,-0.8656087517738342,-0.5007209777832031,0.0,0.0,-0.8656087517738342,-0.5007209777832031,0.0,1.0,35.0,1.1388004522190753,33,36,apf_fsm,1,200.0,0.0
2026-08-18T06:25:45.196+00:00,1787034345.1968408,194157.1972458,17.517512699996587,115,2,RUN,RUN,0.3581814864424523,0.49233280498411985,-2.7401533068204067,122.14803695678711,0.2,0.4,0.2,0.4,0.18315766303755684,-2.6132340152418894,0.12691929157851733,-0.8636356592178345,-0.5041164755821228,0.0,0.0,-0.8636356592178345,-0.5041164755821228,0.0,1.0,35.0,3.316627823529852,31,38,apf_fsm,1,200.0,0.0
2026-08-18T06:25:45.359+00:00,1787034345.359116,194157.359879,17.680145899998024,116,2,RUN,RUN,0.3437430137729879,0.4862041247374391,-2.794721234495341,122.71237373352051,0.2,0.4,0.2,0.4,0.16761027751987448,-2.6013863559163983,0.1933348785789426,-0.857602596282959,-0.5143129229545593,0.0,0.0,-0.857602596282959,-0.5143129229545593,0.0,1.0,35.0,4.2578943308043105,30,39,apf_fsm,1,200.0,0.0
2026-08-18T06:25:45.507+00:00,1787034345.507398,194157.5079343,17.828201199998148,117,2,RUN,RUN,0.34149258344428274,0.48520178689696625,-2.8033518089005707,106.109619140625,0.2,0.4,0.2,0.4,0.1651650558083439,-2.5995832666141916,0.20376854228637908,-0.8566738367080688,-0.5158584117889404,0.0,0.0,-0.8566738367080688,-0.5158584117889404,0.0,1.0,35.0,2.4028636526240676,32,37,apf_fsm,1,200.0,0.0
2026-08-18T06:25:45.652+00:00,1787034345.6534257,194157.6533568,17.973623700003373,118,2,RUN,RUN,0.3397538625630169,0.4843697255753918,-2.811440826029052,113.61217498779297,0.2,0.4,0.2,0.4,0.16324641709682183,-2.598455325404278,0.21298550062477384,-0.8560914397239685,-0.5168243646621704,0.0,0.0,-0.8560914397239685,-0.5168243646621704,0.0,0.9924915330091989,35.0,2.4524485480915548,32,37,apf_fsm,1,200.0,0.0
2026-08-18T06:25:45.784+00:00,1787034345.784168,194157.7842902,18.104557100014063,119,2,RUN,RUN,0.32613285110291546,0.47812992142538724,-2.811440826029052,105.5290699005127,0.2,0.4,0.2,0.4,0.1483704173657519,-2.5870118752647873,0.22442895076426472,-0.850121259689331,-0.5265869498252869,0.0,0.0,-0.850121259689331,-0.5265869498252869,0.0,0.9682605683721539,35.0,2.644810262524828,32,37,apf_fsm,1,200.0,0.0
2026-08-18T06:25:45.924+00:00,1787034345.9249575,194157.9254866,18.24575349999941,120,2,RUN,RUN,0.3223293029976256,0.476447003142771,-2.811440826029052,107.14268684387207,0.2,0.4,0.2,0.4,0.14425187229771308,-2.583045133868292,0.22839569216076017,-0.8480256795883179,-0.5299549698829651,0.0,0.0,-0.8480256795883179,-0.5299549698829651,0.0,0.9598611810081031,35.0,2.422792870484942,32,37,apf_fsm,1,200.0,0.0
2026-08-18T06:25:46.078+00:00,1787034346.078234,194158.0795232,18.399790099996608,121,2,RUN,RUN,0.3143470983168051,0.47258482667632595,-2.7993566401531713,122.13969230651855,0.2,0.4,0.2,0.4,0.13543934419918519,-2.575994042575649,0.22336259757752241,-0.8442679047584534,-0.5359212756156921,0.0,0.0,-0.8442679047584534,-0.5359212756156921,0.0,0.970518520829113,35.0,2.057467665361903,32,37,apf_fsm,1,200.0,0.0
2026-08-18T06:25:46.227+00:00,1787034346.2276928,194158.2282115,18.548478400014574,122,2,RUN,RUN,0.2984576964470115,0.46373789217549566,-2.7376096216123575,114.29882049560547,0.2,0.4,0.2,0.4,0.11728783776942502,-2.5670732656616364,0.17053635595072114,-0.8394535779953003,-0.5434314012527466,0.0,0.0,-0.8394535779953003,-0.5434314012527466,0.0,1.0,35.0,-0.14355489743083316,35,34,apf_fsm,1,200.0,0.0
2026-08-18T06:25:46.388+00:00,1787034346.3884182,194158.3891378,18.70940469999914,123,2,RUN,RUN,0.2950261079419403,0.46143189577134214,-2.7093484794131206,120.38850784301758,0.2,0.4,0.2,0.4,0.1131540498994814,-2.5677002277642496,0.14164825164887107,-0.8397940993309021,-0.5429049730300903,0.0,0.0,-0.8397940993309021,-0.5429049730300903,0.0,1.0,35.0,0.40539886592395824,34,35,apf_fsm,1,200.0,0.0
2026-08-18T06:25:46.536+00:00,1787034346.5367112,194158.5374223,18.857689199998276,124,2,RUN,RUN,0.2891043725599922,0.45710543548242916,-2.6507522468677838,112.83326148986816,0.2,0.4,0.2,0.4,0.10583298148945709,-2.5716535700290266,0.07909867683875715,-0.8419338464736938,-0.539580762386322,0.0,0.0,-0.8419338464736938,-0.539580762386322,0.0,1.0,35.0,-1.3982483499664156,36,33,apf_fsm,1,200.0,0.0
2026-08-18T06:25:46.685+00:00,1787034346.6859508,194158.6868706,19.007137500011595,125,2,RUN,RUN,0.2758313288538904,0.4465929721706153,-2.559229982532035,108.94584655761719,0.2,0.4,0.2,0.4,0.08900166004877996,-2.590631067421967,-0.03140108488993176,-0.8520215153694153,-0.523506760597229,0.0,0.0,-0.8520215153694153,-0.523506760597229,0.0,1.0,35.0,-4.18150250940343,39,30,apf_fsm,1,200.0,0.0
2026-08-18T06:25:46.830+00:00,1787034346.830885,194158.8314941,19.15176100001554,126,2,RUN,RUN,0.2710736516049356,0.44211680431640443,-2.4904003310916503,107.65647888183594,0.2,0.4,0.2,0.4,0.08261530825631568,-2.606647060419876,-0.11624672932822566,-0.860296368598938,-0.5097942352294922,0.0,0.0,-0.860296368598938,-0.5097942352294922,0.0,1.0,35.0,-4.132064848622543,39,30,apf_fsm,1,200.0,0.0
2026-08-18T06:25:46.968+00:00,1787034346.9683192,194158.9687665,19.28903340001125,127,2,RUN,RUN,0.2594185004490024,0.43053824204807056,-2.4006601917257933,105.46135902404785,0.2,0.4,0.2,0.4,0.06680675432166001,-2.666846027690314,-0.26618583596452083,-0.889408528804779,-0.4571130871772766,0.0,0.0,-0.889408528804779,-0.4571130871772766,0.0,0.8798423381787225,27.43039176663372,-7.909727091915539,35,19,apf_fsm,1,200.0,0.0
2026-08-18T06:25:47.112+00:00,1787034347.1120272,194159.1124947,19.432761600008234,128,2,RUN,RUN,0.25444579670893464,0.4252529204895817,-2.390223019138601,111.81902885437012,0.2,0.4,0.2,0.4,0.0600171206617226,-2.7073075757441605,-0.31708455660555934,-0.9071711301803589,-0.42076197266578674,0.0,0.0,-0.9071711301803589,-0.42076197266578674,0.0,0.7720667036550323,21.624036239009165,-4.952300788491941,26,18.0,apf_fsm,1,200.0,0.0
2026-08-18T06:25:47.253+00:00,1787034347.2539713,194159.2546948,19.574961700011045,129,2,RUN,RUN,0.25139403906918084,0.42212758905079883,-2.410884523804492,109.98415946960449,0.2,0.4,0.2,0.4,0.05595513782527496,-2.735032379776382,-0.3241478559718898,-0.918486475944519,-0.3954523205757141,0.0,0.0,-0.918486475944519,-0.3954523205757141,0.0,0.7571105011916001,19.769970473464863,-3.488694037540463,23,18.0,apf_fsm,1,200.0,0.0
2026-08-18T06:25:47.397+00:00,1787034347.3977575,194159.3977196,19.7179865000071,130,2,RUN,RUN,0.24423981124908856,0.41543389435692674,-2.4629718717157947,112.32376098632812,0.2,0.4,0.2,0.4,0.046854732891947595,-2.8059258572374244,-0.3429539855216297,-0.9441909193992615,-0.32939884066581726,0.0,0.0,-0.9441909193992615,-0.32939884066581726,0.0,0.7172894110024737,15.683921754080217,-4.087754389457194,19,18.0,apf_fsm,1,200.0,0.0
2026-08-18T06:25:47.537+00:00,1787034347.5382097,194159.5381472,19.858414099988295,131,2,RUN,RUN,0.23695095425190504,0.40910465414159697,-2.508030736574749,110.04900932312012,0.2,0.4,0.2,0.4,0.03805611313789779,-2.900006633138963,-0.39197589656421394,-0.9709597229957581,-0.23924288153648376,0.0,0.0,-0.9709597229957581,-0.23924288153648376,0.0,0.613487832070084,10.895249094791954,-5.635525852132588,18.0,18.0,apf_fsm,1,200.0,0.0
2026-08-18T06:25:47.674+00:00,1787034347.6743448,194159.6751652,19.995432099996833,132,2,RUN,RUN,0.23336390459745954,0.4059553154488878,-2.53387463422962,108.8871955871582,0.2,0.4,0.2,0.4,0.03389123650863365,-2.9649571326131996,-0.4310824983835797,-0.9844404458999634,-0.17571844160556793,0.0,0.0,-0.9844404458999634,-0.17571844160556793,0.0,0.5306814516332994,8.39321027442295,-5.679556047513598,18.0,18.0,apf_fsm,1,200.0,0.0
2026-08-18T06:25:47.817+00:00,1787034347.8170235,194159.8175031,20.137770000001183,133,2,RUN,RUN,0.22666099529475417,0.40154651657610463,-2.569357135653914,111.5574836730957,0.2,0.4,0.2,0.4,0.026705811794945866,-3.083650875125946,-0.5142937394720319,-0.9983218908309937,-0.057909365743398666,0.0,0.0,-0.9983218908309937,-0.057909365743398666,0.0,0.35448558276148157,4.417851786716589,-11.571831148218283,18.0,-18.0,apf_fsm,1,200.0,0.0
2026-08-18T06:25:47.957+00:00,1787034347.9571118,194159.9572536,20.277520500007086,134,2,RUN,RUN,0.22293001050210132,0.3989076010128645,-2.6088757421724074,111.17434501647949,0.2,0.4,0.2,0.4,0.022956017014577484,3.0939880685546854,-0.580321496452493,-0.9988671541213989,0.04758660867810249,0.0,0.0,-0.9988671541213989,0.04758660867810249,0.0,0.21467492907272082,2.299771284718411,-15.059728939499053,18.0,-18.0,apf_fsm,1,200.0,0.0
2026-08-18T06:25:48.105+00:00,1787034348.1067953,194160.1066984,20.426965299993753,135,2,RUN,RUN,0.2212653337486496,0.3977910526910768,-2.648159550323643,120.30386924743652,0.2,0.4,0.2,0.4,0.021379753685556207,3.0380883599241377,-0.5969373969318053,-0.9946481585502625,0.10331957787275314,0.0,0.0,-0.9946481585502625,0.10331957787275314,0.0,0.1794915453886819,1.7908263468899306,-12.84981630518644,18.0,-18.0,apf_fsm,1,200.0,0.0
