run_dir,scenario,condition,replicate,controller_mode,requested_delay_ms,duration_s,task_duration_s,task_completed,trial_valid,outcome,stop_reason,minimum_pairwise_distance_m,collision_threshold_episodes,ack_rate_pct,rtt_mean_ms,rtt_p95_ms,actual_delay_mean_ms,actual_delay_p95_ms,vision_processing_mean_ms,frame_wait_mean_ms,homography_valid_rate_pct,detection_rate_pct,path_length_m,distance_rmse_m,heading_mae_deg,control_effort_abs_pct_s,state_transitions,angular_sign_changes,targets_reached
paper/resultados/raw/cruce_2/20260817_205636_cruce_2_proposed_final_r01,cruce_2,proposed_final,1,apf_fsm,0.0,28.856315699988045,27.464995999995153,1.0,1.0,success,completed,0.12743352517238718,0.0,0.0,nan,nan,0.0,0.0,64.41555347916184,17.9508591307398,100.0,98.26086956521739,2.0498846157886463,0.5569388890249637,28.467928377019565,3107.514645397867,6.0,31.0,2.0
paper/resultados/raw/cruce_2/20260817_205750_cruce_2_baseline_final_r01,cruce_2,baseline_final,1,apf_puro,0.0,19.55783540001721,18.123440299998038,1.0,1.0,success,completed,0.17625076523370203,0.0,0.0,nan,nan,0.0,0.0,71.21959510479135,18.028414684675074,100.0,99.3006993006993,1.9066231917698817,0.48227968348938544,31.833926621884565,2237.4331608009525,0.0,13.0,2.0
paper/resultados/raw/cruce_2/20260817_205848_cruce_2_baseline_final_r02,cruce_2,baseline_final,2,apf_puro,0.0,28.688801299984334,27.395542799989926,1.0,1.0,success,completed,0.17210321404102394,0.0,0.0,nan,nan,0.0,0.0,64.98462314499892,18.049196942681935,100.0,99.12663755458516,1.9865328525510293,0.5066577366624416,36.656737220386255,2791.735590000375,0.0,11.0,2.0
paper/resultados/raw/cruce_2/20260817_205952_cruce_2_proposed_final_r02,cruce_2,proposed_final,2,apf_fsm,0.0,23.07052740000654,21.795676700014155,1.0,1.0,success,completed,0.16863761264900579,0.0,0.0,nan,nan,0.0,0.0,64.15184408674136,16.96264032294513,100.0,98.11827956989248,1.937715848005875,0.5068701206197599,27.031496091038605,2400.110320900043,6.0,24.0,2.0
paper/resultados/raw/cruce_2_perpendicular/20260817_212626_cruce_2_perpendicular_proposed_final_r01,cruce_2_perpendicular,proposed_final,1,apf_fsm,0.0,22.33000349998474,20.999941999994917,1.0,1.0,success,completed,0.24949309706075998,0.0,0.0,nan,nan,0.0,0.0,67.53142307734271,18.359224852064305,100.0,98.81656804733728,1.7892990757463056,0.5499321200006022,25.516631498209335,2519.8221037014737,6.0,20.0,2.0
paper/resultados/raw/cruce_2_perpendicular/20260817_213232_cruce_2_perpendicular_baseline_final_r01,cruce_2_perpendicular,baseline_final,1,apf_puro,0.0,17.874737900012406,16.45746620002319,1.0,1.0,success,completed,0.22445845983997678,0.0,0.0,nan,nan,0.0,0.0,80.1053809536536,28.48960793487513,100.0,100.0,1.6375911532104768,0.5177154580258712,27.115354253413376,1708.8284244022216,0.0,17.0,2.0
paper/resultados/raw/cruce_2_perpendicular/20260817_213324_cruce_2_perpendicular_baseline_final_r02,cruce_2_perpendicular,baseline_final,2,apf_puro,0.0,25.848352500004694,17.71548020001501,0.0,1.0,task_failure,scenario_stalled_R2,0.20280453004381238,0.0,0.0,nan,nan,0.0,0.0,82.61745344632006,18.062391955487097,100.0,97.12643678160919,2.1432873531715817,0.47471269988393894,39.12185174255352,2650.4628453012847,0.0,23.0,1.0
paper/resultados/raw/cruce_2_perpendicular/20260817_213502_cruce_2_perpendicular_proposed_final_r02,cruce_2_perpendicular,proposed_final,2,apf_fsm,0.0,24.74136169999838,23.29744529997697,1.0,1.0,success,completed,0.19512630758220237,0.0,0.0,nan,nan,0.0,0.0,80.6769145355522,18.198323837443535,100.0,98.83720930232559,2.0995833952340703,0.5280051170620473,35.86108607245404,2637.8143233012524,10.0,22.0,2.0
paper/resultados/raw/cruce_2_perpendicular/20260817_213650_cruce_2_perpendicular_proposed_final_r03,cruce_2_perpendicular,proposed_final,3,apf_fsm,0.0,33.39396900002612,31.9759650999913,1.0,1.0,success,completed,0.1877166972003723,0.0,0.0,nan,nan,0.0,0.0,81.91212521671095,18.85005999913277,100.0,99.56521739130434,2.5175816576105756,0.5158690854557666,42.58714718854,3757.2429082996387,18.0,44.0,2.0
paper/resultados/raw/cruce_2_perpendicular/20260817_213808_cruce_2_perpendicular_baseline_final_r03,cruce_2_perpendicular,baseline_final,3,apf_puro,0.0,21.935776000027545,20.51985650000279,1.0,1.0,success,completed,0.153230890988262,0.0,0.0,nan,nan,0.0,0.0,79.95586013124671,18.000651634674142,100.0,99.67320261437908,2.3251121062146716,0.4956281491406148,40.199784013436144,2436.5908680003777,0.0,24.0,2.0
paper/resultados/raw/cruce_2_perpendicular/20260817_213917_cruce_2_perpendicular_baseline_final_r04,cruce_2_perpendicular,baseline_final,4,apf_puro,0.0,18.736714999977266,17.365866900014225,1.0,1.0,success,completed,0.16315680655073833,0.0,0.0,nan,nan,0.0,0.0,85.36548292589927,18.084773983819623,100.0,99.59349593495935,1.7600584763319547,0.5118170856903377,32.97485608672607,1844.115441101516,0.0,9.0,2.0
paper/resultados/raw/cruce_2_perpendicular/20260817_214023_cruce_2_perpendicular_proposed_final_r04,cruce_2_perpendicular,proposed_final,4,apf_fsm,0.0,29.011977699992713,27.62454589997651,1.0,1.0,success,completed,0.1922302155768414,0.0,0.0,nan,nan,0.0,0.0,85.61382031333171,17.024106769137386,100.0,99.47916666666666,2.185477848387455,0.49788706338515887,37.498931084077284,3002.154551899701,18.0,38.0,2.0
paper/resultados/raw/cruce_2_perpendicular/20260817_214157_cruce_2_perpendicular_proposed_final_r05,cruce_2_perpendicular,proposed_final,5,apf_fsm,0.0,36.52430920000188,35.10377230000449,1.0,1.0,success,completed,0.18332965500233317,0.0,0.0,nan,nan,0.0,0.0,93.81478371051756,16.96574479740269,100.0,100.0,2.489027974158642,0.4787204050960242,44.0069698602178,3904.120911403821,22.0,46.0,2.0
paper/resultados/raw/cruce_2_perpendicular/20260817_214327_cruce_2_perpendicular_baseline_final_r05,cruce_2_perpendicular,baseline_final,5,apf_puro,0.0,19.0178176999907,17.552309899998363,1.0,1.0,success,completed,0.19193090933120155,0.0,0.0,nan,nan,0.0,0.0,88.993139669861,19.329314875610805,100.0,99.58677685950414,1.6986605584745258,0.5521040780965087,40.99662137397444,1874.3151658982679,0.0,20.0,2.0
paper/resultados/raw/cruce_2_perpendicular/20260817_214429_cruce_2_perpendicular_baseline_final_r06,cruce_2_perpendicular,baseline_final,6,apf_puro,0.0,21.551052999973763,20.16390380001394,1.0,1.0,success,completed,0.19461208907596442,0.0,0.0,nan,nan,0.0,0.0,90.32233428692312,17.721142857252353,100.0,100.0,1.9905273946770972,0.5715676983435274,45.128699685679535,2158.5365643009136,0.0,17.0,2.0
paper/resultados/raw/cruce_2_perpendicular/20260817_214523_cruce_2_perpendicular_proposed_final_r06,cruce_2_perpendicular,proposed_final,6,apf_fsm,0.0,28.503503299987642,27.07824740000069,1.0,1.0,success,completed,0.1893678583662844,0.0,0.0,nan,nan,0.0,0.0,99.23691812842098,20.434393566367298,100.0,98.53801169590643,1.992497796501662,0.551541051570849,41.78617824996563,2881.3417220982956,10.0,35.0,2.0
paper/resultados/raw/cruce_2_perpendicular/20260817_214806_cruce_2_perpendicular_proposed_final_r07,cruce_2_perpendicular,proposed_final,7,apf_fsm,0.0,32.38678530001198,31.054417100007413,1.0,1.0,success,completed,0.19005443832179364,0.0,0.0,nan,nan,0.0,0.0,84.92535650153278,17.983900450066677,100.0,100.0,2.4240973065505393,0.5135750294639736,43.406318612404746,3506.3970837978413,14.0,51.0,2.0
paper/resultados/raw/cruce_2_perpendicular/20260817_214924_cruce_2_perpendicular_baseline_final_r07,cruce_2_perpendicular,baseline_final,7,apf_puro,0.0,18.331597100012004,17.01824239999405,1.0,1.0,success,completed,0.23897104943209418,0.0,0.0,nan,nan,0.0,0.0,84.73408412828576,16.75302539383882,100.0,99.2063492063492,1.7729988222898108,0.5727926669209383,38.67700514441968,1925.9636411987594,0.0,7.0,2.0
paper/resultados/raw/cruce_2_perpendicular/20260817_215022_cruce_2_perpendicular_baseline_final_r08,cruce_2_perpendicular,baseline_final,8,apf_puro,0.0,18.361399599991273,16.86632939998526,1.0,1.0,success,completed,0.20096203625912823,0.0,0.0,nan,nan,0.0,0.0,93.31082782667616,17.049653912924796,100.0,100.0,1.7958664042280341,0.5167144316838859,41.55818888350677,1962.479687300336,0.0,9.0,2.0
paper/resultados/raw/cruce_2_perpendicular/20260817_215115_cruce_2_perpendicular_proposed_final_r08,cruce_2_perpendicular,proposed_final,8,apf_fsm,0.0,41.35148359998129,40.03489300000365,1.0,1.0,success,completed,0.1897805922447524,0.0,0.0,nan,nan,0.0,0.0,85.40368692563969,17.23805335745242,100.0,99.46996466431095,2.693757806708299,0.479780340256221,42.232362641526564,4559.392951200076,22.0,63.0,2.0
paper/resultados/raw/cruce_2_perpendicular/20260817_215246_cruce_2_perpendicular_proposed_final_r09,cruce_2_perpendicular,proposed_final,9,apf_fsm,0.0,28.69120309999562,27.227547800022876,1.0,1.0,success,completed,0.18980063660476904,0.0,0.0,nan,nan,0.0,0.0,85.65575618566297,19.28576082411251,100.0,100.0,2.0647493296441537,0.5158856092522544,38.14752651713202,2993.2286841033783,18.0,30.0,2.0
paper/resultados/raw/cruce_2_perpendicular/20260817_215350_cruce_2_perpendicular_baseline_final_r09,cruce_2_perpendicular,baseline_final,9,apf_puro,0.0,20.715446699992754,19.336573699984,1.0,1.0,success,completed,0.1733898629176939,0.0,0.0,nan,nan,0.0,0.0,88.83137500208035,16.88133161480758,100.0,98.89705882352942,2.1593521650753322,0.49344394493037835,40.60731727836243,2333.254737698415,0.0,27.0,2.0
paper/resultados/raw/cruce_2_perpendicular/20260817_215449_cruce_2_perpendicular_baseline_final_r10,cruce_2_perpendicular,baseline_final,10,apf_puro,0.0,17.716999099997338,16.40112880000379,1.0,1.0,success,completed,0.20353997154960365,0.0,0.0,nan,nan,0.0,0.0,86.69682083273074,18.145489167121315,100.0,100.0,1.6627129400258918,0.50622599232242,29.730760571796512,1678.7719742010522,0.0,11.0,2.0
paper/resultados/raw/cruce_2_perpendicular/20260818_003529_cruce_2_perpendicular_proposed_final_r10,cruce_2_perpendicular,proposed_final,10,apf_fsm,0.0,41.98977909999667,40.625185799988685,1.0,1.0,success,completed,0.2096612053569207,0.0,0.0,nan,nan,0.0,0.0,100.80859098322479,17.606717213028354,100.0,99.59016393442623,2.1227232290879243,0.48041863410084623,40.52755002737748,3639.850005398912,14.0,34.0,2.0
paper/resultados/raw/cruce_2/20260818_004018_cruce_2_proposed_final_r03,cruce_2,proposed_final,3,apf_fsm,0.0,28.278030699992087,26.934832999977516,1.0,1.0,success,completed,0.17307448468368053,0.0,0.0,nan,nan,0.0,0.0,80.57357357432487,19.552421243378767,100.0,99.48186528497409,1.9915114189960201,0.48057167818320035,29.75294017332162,2986.8696570001775,10.0,33.0,2.0
paper/resultados/raw/cruce_2/20260818_004058_cruce_2_baseline_final_r03,cruce_2,baseline_final,3,apf_puro,0.0,29.83453890000237,14.150027600000612,0.0,1.0,task_failure,scenario_stalled_R2,0.1628743417978233,0.0,0.0,nan,nan,0.0,0.0,78.93137673133901,19.353913862516386,100.0,99.75247524752476,1.9178816898198825,0.4679345727534331,43.51219010714057,2603.323731899407,0.0,14.0,1.0
paper/resultados/raw/cruce_2/20260818_004255_cruce_2_baseline_final_r04,cruce_2,baseline_final,4,apf_puro,0.0,20.923079600004712,19.501184099994134,1.0,1.0,success,completed,0.14971418028223515,0.0,0.0,nan,nan,0.0,0.0,77.26160735332729,19.85712058718919,100.0,98.89705882352942,1.933131834841236,0.46320325256925005,33.895071883921254,2286.420517002669,0.0,6.0,2.0
paper/resultados/raw/cruce_2/20260818_004325_cruce_2_proposed_final_r04,cruce_2,proposed_final,4,apf_fsm,0.0,29.121637900010683,27.81345250000595,1.0,1.0,success,completed,0.15299022955749106,0.0,0.0,nan,nan,0.0,0.0,77.55884608010163,19.515768626268827,100.0,99.26470588235294,1.983388044487688,0.4818973781616338,25.378100629087733,2912.72299499932,6.0,40.0,2.0
paper/resultados/raw/cruce_2/20260818_004402_cruce_2_proposed_final_r05,cruce_2,proposed_final,5,apf_fsm,0.0,8.80801330000395,nan,0.0,1.0,task_failure,critical_separation_0.1189m,0.1189147491954477,1.0,0.0,nan,nan,0.0,0.0,82.6414499987832,16.362498277509264,100.0,100.0,0.7699416734895986,0.6970662615576861,57.79054022789423,1091.0131918982952,4.0,13.0,0.0
paper/resultados/raw/cruce_2/20260818_004755_cruce_2_baseline_final_r05,cruce_2,baseline_final,5,apf_puro,0.0,25.114279900008114,14.84417129997746,0.0,1.0,task_failure,scenario_stalled_R2,0.16940805029232023,0.0,0.0,nan,nan,0.0,0.0,77.94914375021604,17.615246590470303,100.0,99.7159090909091,2.0261078265212795,0.45196946641436364,37.42583895181056,2448.196289699321,0.0,7.0,1.0
paper/resultados/raw/cruce_2/20260818_005046_cruce_2_baseline_final_r06,cruce_2,baseline_final,6,apf_puro,0.0,6.8646348000038415,nan,0.0,1.0,task_failure,critical_separation_0.1195m,0.11947471336424928,1.0,0.0,nan,nan,0.0,0.0,79.20829574404125,17.2991765956543,100.0,96.80851063829788,0.7266782993745877,0.6960206219346349,43.32499070591592,867.4618021005881,0.0,7.0,0.0
paper/resultados/raw/cruce_2/20260818_005245_cruce_2_proposed_final_r06,cruce_2,proposed_final,6,apf_fsm,0.0,25.322897600010037,23.91502240000409,1.0,1.0,success,completed,0.15885294010118245,0.0,0.0,nan,nan,0.0,0.0,77.8661451417221,17.733871999994985,100.0,98.85714285714286,1.912752289559066,0.5191823693560123,26.501919486366468,2504.683037600975,6.0,31.0,2.0
paper/resultados/raw/cruce_2/20260818_005319_cruce_2_proposed_final_r07,cruce_2,proposed_final,7,apf_fsm,0.0,27.690555299981497,26.417459999996936,1.0,1.0,success,completed,0.1676917258888461,0.0,0.0,nan,nan,0.0,0.0,80.06662157943202,18.777936315592868,100.0,99.21052631578948,1.9575487939646439,0.49148088756129626,31.293967373047778,2936.9345369021466,6.0,32.0,2.0
paper/resultados/raw/cruce_2/20260818_005406_cruce_2_baseline_final_r07,cruce_2,baseline_final,7,apf_puro,0.0,7.283507899992401,nan,0.0,1.0,task_failure,critical_separation_0.1132m,0.11323324496986586,1.0,0.0,nan,nan,0.0,0.0,78.82384799828287,18.935081998934038,100.0,99.0,0.7512248495800813,0.6947077876879214,62.30968361566655,910.3885190998262,0.0,6.0,0.0
paper/resultados/raw/cruce_2/20260818_005504_cruce_2_baseline_final_r08,cruce_2,baseline_final,8,apf_puro,0.0,25.252082399994833,15.955776599992532,0.0,1.0,task_failure,scenario_stalled_R2,0.15349760233587148,0.0,0.0,nan,nan,0.0,0.0,79.40815172516794,24.57817930988459,100.0,99.42528735632183,2.049927721693469,0.43560336377056513,40.366989120947444,2452.3780502005247,0.0,8.0,1.0
paper/resultados/raw/cruce_2/20260818_005623_cruce_2_proposed_final_r08,cruce_2,proposed_final,8,apf_fsm,0.0,30.822507500008214,29.3516929000034,1.0,1.0,success,completed,0.14217847917206583,0.0,0.0,nan,nan,0.0,0.0,87.78446224370819,18.944936736613958,100.0,98.9795918367347,2.044625908142823,0.4590239953744293,24.818835960621616,2997.531228900305,6.0,31.0,2.0
paper/resultados/raw/cruce_2/20260818_005703_cruce_2_proposed_final_r09,cruce_2,proposed_final,9,apf_fsm,0.0,23.25177969998913,21.884236500016414,1.0,1.0,success,completed,0.17835807541160598,0.0,0.0,nan,nan,0.0,0.0,86.08236866615091,16.69942800013814,100.0,99.66666666666666,2.0836493178136575,0.5256539846666302,41.36265423374757,2636.6181674007967,6.0,38.0,2.0
paper/resultados/raw/cruce_2/20260818_005735_cruce_2_baseline_final_r09,cruce_2,baseline_final,9,apf_puro,0.0,34.35424939999939,14.971482599998126,0.0,1.0,task_failure,scenario_stalled_R2,0.15948323498275044,0.0,0.0,nan,nan,0.0,0.0,87.21624253416746,18.12549592738516,100.0,100.0,2.0069867374996857,0.4647906346463876,50.26940124854992,2711.7084013006825,0.0,7.0,1.0
paper/resultados/raw/cruce_2/20260818_005818_cruce_2_baseline_final_r10,cruce_2,baseline_final,10,apf_puro,0.0,20.633846899989294,19.210182300012093,1.0,1.0,success,completed,0.14991855611214963,0.0,0.0,nan,nan,0.0,0.0,88.33557153926589,17.094337690818627,100.0,97.6923076923077,1.9588488326297078,0.4880267260356524,37.821695928211156,2280.2588841992547,0.0,15.0,2.0
paper/resultados/raw/cruce_2/20260818_005932_cruce_2_proposed_final_r10,cruce_2,proposed_final,10,apf_fsm,0.0,31.677031200000783,30.353086199989775,1.0,1.0,success,completed,0.16915279667811614,0.0,0.0,nan,nan,0.0,0.0,86.62322585516405,18.21698146153855,100.0,99.51219512195122,1.9647608886635766,0.5062642569512095,25.321676212679243,2837.3350598986435,6.0,35.0,2.0
paper/resultados/raw/latencia/20260818_010051_latencia_delay_000_r01,latencia,delay_000,1,apf_fsm,0.0,29.115973800013307,27.740075200010324,1.0,1.0,success,completed,nan,0.0,0.0,nan,nan,0.0,0.0,86.8297682543194,16.808129101745273,100.0,100.0,1.0011612978991082,0.6094942997782608,30.360036120299707,1576.2233847005118,1.0,3.0,1.0
paper/resultados/raw/latencia/20260818_010128_latencia_delay_000_r02,latencia,delay_000,2,apf_fsm,0.0,41.28283729997929,39.74709129999974,1.0,1.0,success,completed,nan,0.0,0.0,nan,nan,0.0,0.0,90.4239428568538,17.578881467323082,100.0,97.29729729729729,1.1900727086607572,0.4898267806412024,36.976151767216564,2399.2344559015182,8.0,22.0,1.0
paper/resultados/raw/latencia/20260818_010217_latencia_delay_000_r03,latencia,delay_000,3,apf_fsm,0.0,35.67609940000693,34.30671620002249,1.0,1.0,success,completed,nan,0.0,0.0,nan,nan,0.0,0.0,85.01585361688953,17.778172767027577,100.0,100.0,1.0489078849853075,0.5620474220556931,26.87527722908496,1852.4248122007994,3.0,12.0,1.0
paper/resultados/raw/latencia/20260818_010301_latencia_delay_000_r04,latencia,delay_000,4,apf_fsm,0.0,31.78004760001204,30.446417900006054,1.0,1.0,success,completed,nan,0.0,0.0,nan,nan,0.0,0.0,78.8550815308521,17.07192342363923,100.0,98.1981981981982,1.040244631270459,0.5045852826952594,33.39719831984636,1871.9679259988188,3.0,11.0,1.0
paper/resultados/raw/latencia/20260818_010426_latencia_delay_000_r05,latencia,delay_000,5,apf_fsm,0.0,25.592264300008537,24.281722400017316,1.0,1.0,success,completed,nan,0.0,0.0,nan,nan,0.0,0.0,92.01768853395411,19.949544587463237,100.0,100.0,0.9980626775452142,0.627452103135537,27.286360882584027,1494.6120230996166,1.0,7.0,1.0
paper/resultados/raw/latencia/20260818_010500_latencia_delay_000_r06,latencia,delay_000,6,apf_fsm,0.0,27.732414600002812,26.342726600007154,1.0,1.0,success,completed,nan,0.0,0.0,nan,nan,0.0,0.0,86.1677932579154,22.937711798834478,100.0,96.06741573033707,0.972676964352116,0.6015000017425526,26.089058295322822,1527.7478110998054,1.0,11.0,1.0
paper/resultados/raw/latencia/20260818_010536_latencia_delay_000_r07,latencia,delay_000,7,apf_fsm,0.0,30.98872670001583,29.566575699980604,1.0,1.0,success,completed,nan,0.0,0.0,nan,nan,0.0,0.0,86.18476119417168,17.973734327245605,100.0,100.0,0.959736059275341,0.5219640116905814,22.659205699554647,1686.153019903344,1.0,5.0,1.0
paper/resultados/raw/latencia/20260818_010619_latencia_delay_000_r08,latencia,delay_000,8,apf_fsm,0.0,19.40491209999891,18.05034690001048,1.0,1.0,success,completed,nan,0.0,0.0,nan,nan,0.0,0.0,86.30281599937007,21.18679839838296,100.0,96.0,0.9432668704671362,0.6137551013765069,20.940680958172635,1184.8918120004819,1.0,5.0,1.0
paper/resultados/raw/latencia/20260818_010731_latencia_delay_050_r01,latencia,delay_050,1,apf_fsm,50.0,33.32648530000006,32.01670780000859,1.0,1.0,success,completed,nan,0.0,0.0,nan,nan,57.67145388331875,64.65957500040531,87.42312429974369,20.459958411172188,100.0,100.0,1.0363206276394776,0.7392211948941733,31.893688462888218,2002.9091610010073,1.0,7.0,1.0
paper/resultados/raw/latencia/20260818_010813_latencia_delay_050_r02,latencia,delay_050,2,apf_fsm,50.0,24.62900279997848,23.14179829999921,1.0,1.0,success,completed,nan,0.0,0.0,nan,nan,57.26121399920279,64.92603999795392,87.00842075631954,18.437903144348518,100.0,96.85534591194968,0.9529570995263226,0.5817682395852346,22.972535106310378,1401.9348965011013,1.0,8.0,1.0
paper/resultados/raw/latencia/20260818_010846_latencia_delay_050_r03,latencia,delay_050,3,apf_fsm,50.0,23.757412500010105,22.421996199991554,1.0,1.0,success,completed,nan,0.0,0.0,nan,nan,57.554528276749146,64.83634000760503,88.19916357447406,19.32434304709861,100.0,100.0,0.9756153104371755,0.5804562164521286,27.599804427884127,1389.6820622992818,1.0,7.0,1.0
paper/resultados/raw/latencia/20260818_010918_latencia_delay_050_r04,latencia,delay_050,4,apf_fsm,50.0,24.341614800010575,22.963640900008613,1.0,1.0,success,completed,nan,0.0,0.0,nan,nan,58.11972281858075,64.99186001019552,86.55390509565147,21.378582801520054,100.0,96.17834394904459,0.9577830634887384,0.6473937233145872,22.00265132091571,1470.615446700598,1.0,11.0,1.0
paper/resultados/raw/latencia/20260818_011036_latencia_delay_050_r05,latencia,delay_050,5,apf_fsm,50.0,20.29107840001234,18.849518300005002,1.0,1.0,success,completed,nan,0.0,0.0,nan,nan,58.65077623051637,65.006634996098,86.44062977125122,17.547454196206143,100.0,100.0,0.9468066289422814,0.617171524565915,27.918396736131022,1225.1154568995116,1.0,6.0,1.0
paper/resultados/raw/latencia/20260818_011104_latencia_delay_050_r06,latencia,delay_050,6,apf_fsm,50.0,24.228131300013047,22.7306169999938,1.0,1.0,success,completed,nan,0.0,0.0,nan,nan,57.70852176835253,64.89870999357663,86.41005769123484,17.09861474395998,100.0,94.23076923076923,0.9809670865735888,0.6903690553563041,28.60975930979316,1453.8484791001538,1.0,13.0,1.0
paper/resultados/raw/latencia/20260818_011136_latencia_delay_050_r07,latencia,delay_050,7,apf_fsm,50.0,23.743376700003864,22.299665500002448,1.0,1.0,success,completed,nan,0.0,0.0,nan,nan,57.88177931219629,64.92098000016995,86.2598298699595,17.851263635819052,100.0,99.35064935064935,0.9955428777351288,0.6582010606885829,28.47329112328088,1412.234673599538,1.0,11.0,1.0
paper/resultados/raw/latencia/20260818_011208_latencia_delay_050_r08,latencia,delay_050,8,apf_fsm,50.0,21.979966499988222,20.584287000005133,1.0,1.0,success,completed,nan,0.0,0.0,nan,nan,58.064368655757434,65.32892499380978,85.43579580552935,16.22666013927746,100.0,95.1048951048951,0.9682181095805595,0.674613788482351,22.558605434987562,1334.8388199994224,1.0,11.0,1.0
paper/resultados/raw/latencia/20260818_011324_latencia_delay_100_r01,latencia,delay_100,1,apf_fsm,100.0,23.868193800008157,22.50407160000759,1.0,1.0,success,completed,nan,0.0,0.0,nan,nan,107.65810068501384,114.78552501648664,85.76803870964795,18.753596128062195,100.0,100.0,0.9935728070157126,0.6491399691013736,31.38310401158665,1464.3011853013886,1.0,7.0,1.0
paper/resultados/raw/latencia/20260818_011355_latencia_delay_100_r02,latencia,delay_100,2,apf_fsm,100.0,21.102776899992023,19.66950889999862,1.0,1.0,success,completed,nan,0.0,0.0,nan,nan,107.15732559910975,114.69710001838394,87.05571544188012,16.59001396953553,100.0,93.38235294117646,0.9349147055173788,0.6300287744546993,18.225329923356746,1284.8617425000994,1.0,9.0,1.0
paper/resultados/raw/latencia/20260818_011424_latencia_delay_100_r03,latencia,delay_100,3,apf_fsm,100.0,27.922781100001885,26.17541580001125,1.0,1.0,success,completed,nan,0.0,0.0,nan,nan,108.44157852765967,115.12089999450836,89.66499364163022,18.03492774548967,100.0,100.0,1.0441305340871208,0.620993006652916,33.33925472210204,1597.347244300472,1.0,5.0,1.0
paper/resultados/raw/latencia/20260818_011500_latencia_delay_100_r04,latencia,delay_100,4,apf_fsm,100.0,20.367734100000234,18.99909490000573,1.0,1.0,success,completed,nan,0.0,0.0,nan,nan,106.85751065692948,114.82077499676961,87.52661076902699,18.983679231650267,100.0,98.46153846153847,0.9408788920647343,0.6254243324660195,24.23924432033892,1232.4993738992198,1.0,3.0,1.0
paper/resultados/raw/latencia/20260818_011614_latencia_delay_100_r05,latencia,delay_100,5,apf_fsm,100.0,20.77488369998173,19.423116100020707,1.0,1.0,success,completed,nan,0.0,0.0,nan,nan,108.24697279976681,115.00662000034936,86.37059179205038,17.6953925362809,100.0,100.0,0.9492233983194581,0.6273987153268175,26.01593254534199,1258.6391707992298,1.0,12.0,1.0
paper/resultados/raw/latencia/20260818_011643_latencia_delay_100_r06,latencia,delay_100,6,apf_fsm,100.0,20.594267000007676,19.249750699993456,1.0,1.0,success,completed,nan,0.0,0.0,nan,nan,107.50843064635129,115.05084999516839,86.08881804542406,18.001708269900032,100.0,95.48872180451127,0.9457586555898636,0.6392818050623069,21.645419765529734,1257.1653683010954,1.0,11.0,1.0
paper/resultados/raw/latencia/20260818_011712_latencia_delay_100_r07,latencia,delay_100,7,apf_fsm,100.0,23.10827120000613,21.753493199998047,1.0,1.0,success,completed,nan,0.0,0.0,nan,nan,107.55236221960297,115.68161000031978,88.69012534257172,17.4246452053473,100.0,100.0,0.9533099110262123,0.6426563985039,29.37419543016377,1387.4743909981626,1.0,10.0,1.0
paper/resultados/raw/latencia/20260818_011743_latencia_delay_100_r08,latencia,delay_100,8,apf_fsm,100.0,23.057139700016705,21.72491789999185,1.0,1.0,success,completed,nan,0.0,0.0,nan,nan,107.46266642019465,115.08398000732996,87.68072567594622,17.315208782698342,100.0,96.62162162162163,0.9456602666171389,0.6519426782193369,22.217604828143926,1385.4961011995038,1.0,13.0,1.0
paper/resultados/raw/latencia/20260818_011900_latencia_delay_150_r01,latencia,delay_150,1,apf_fsm,150.0,29.141524900012882,27.806245600018883,1.0,1.0,success,completed,nan,0.0,0.0,nan,nan,155.0840999999115,162.9774950139108,86.86981390290744,20.667850805003255,100.0,100.0,1.0236588649349119,0.5994353445797841,33.44118492740527,1697.7946747989918,1.0,6.0,1.0
paper/resultados/raw/latencia/20260818_011937_latencia_delay_150_r02,latencia,delay_150,2,apf_fsm,150.0,20.8519700000179,19.457586600008653,1.0,1.0,success,completed,nan,0.0,0.0,nan,nan,155.11523622136718,162.29740001435857,86.01405514619888,17.080483087578187,100.0,98.52941176470588,0.9236207789757992,0.6243714142350305,25.282647682070138,1265.100604300038,1.0,9.0,1.0
paper/resultados/raw/latencia/20260818_012006_latencia_delay_150_r03,latencia,delay_150,3,apf_fsm,150.0,22.720998199976748,21.34388339999714,1.0,1.0,success,completed,nan,0.0,0.0,nan,nan,155.42227999863422,164.30680999765173,88.98107013980432,20.06005763905705,100.0,100.0,0.9857720133405256,0.6505737761822002,28.161055851702326,1389.5562959008676,1.0,5.0,1.0
paper/resultados/raw/latencia/20260818_012037_latencia_delay_150_r04,latencia,delay_150,4,apf_fsm,150.0,26.650621699984185,25.297623399994336,1.0,1.0,success,completed,nan,0.0,0.0,nan,nan,155.90730609628514,163.9478549855994,85.32651724131917,18.595057471565656,100.0,97.70114942528735,0.9596276889346212,0.6402832251027488,29.20804592482823,1524.958911200636,1.0,13.0,1.0
paper/resultados/raw/latencia/20260818_012157_latencia_delay_150_r05,latencia,delay_150,5,apf_fsm,150.0,29.94483350001974,28.579816199984634,1.0,1.0,success,completed,nan,0.0,0.0,nan,nan,155.89538971427828,164.48154000681825,91.60341351462931,19.01300216150294,100.0,100.0,1.0407803344106323,0.7199354916620614,40.02437882383386,1859.3051691001165,1.0,11.0,1.0
paper/resultados/raw/latencia/20260818_012235_latencia_delay_150_r06,latencia,delay_150,6,apf_fsm,150.0,21.070871100004297,19.70075019999058,1.0,1.0,success,completed,nan,0.0,0.0,nan,nan,155.7316811025183,163.66360999527387,85.69680510919854,17.889175912234457,100.0,95.62043795620438,0.9555837887259526,0.6314327765734415,23.15283990951704,1285.2657559008221,1.0,9.0,1.0
paper/resultados/raw/latencia/20260818_012305_latencia_delay_150_r07,latencia,delay_150,7,apf_fsm,150.0,26.151370200008387,24.828660299972398,1.0,1.0,success,completed,nan,0.0,0.0,nan,nan,155.79605494057444,164.47174501226982,85.05223372082773,18.016454651694595,100.0,100.0,1.0209967121821861,0.6815561333455047,27.84038661982427,1580.8477418987022,1.0,13.0,1.0
paper/resultados/raw/latencia/20260818_012340_latencia_delay_150_r08,latencia,delay_150,8,apf_fsm,150.0,22.147027200000593,20.782631399983075,1.0,1.0,success,completed,nan,0.0,0.0,nan,nan,155.16851029336547,163.8961499920697,85.87808896474347,17.163929654935632,100.0,95.86206896551724,0.945252465369264,0.6429543272295883,26.88329911239503,1341.5443740987685,1.0,11.0,1.0
paper/resultados/raw/latencia/20260818_012455_latencia_delay_200_r01,latencia,delay_200,1,apf_fsm,200.0,23.615376599977026,22.285406499984674,1.0,1.0,success,completed,nan,0.0,0.0,nan,nan,208.31320419625894,215.07268999121152,86.17624313702953,18.05113267980583,100.0,99.34640522875817,1.001930377048738,0.6599828086176361,29.06747628600192,1450.575530801434,1.0,7.0,1.0
paper/resultados/raw/latencia/20260818_012527_latencia_delay_200_r02,latencia,delay_200,2,apf_fsm,200.0,21.72510680000414,20.396122999984073,1.0,1.0,success,completed,nan,0.0,0.0,nan,nan,207.88319542171357,214.40260000235867,85.23736713340968,24.357521680787766,100.0,95.1048951048951,0.9401286724877242,0.6328936991758942,21.856636337720417,1329.3511069986562,1.0,13.0,1.0
paper/resultados/raw/latencia/20260818_012557_latencia_delay_200_r03,latencia,delay_200,3,apf_fsm,200.0,30.520520499994745,29.178157299989834,1.0,1.0,success,completed,nan,0.0,0.0,nan,nan,207.32273539303267,214.58979499875568,91.73990691395258,18.21794255312775,100.0,100.0,1.0109009515823038,0.6352650884667473,26.479238490895582,1705.885295298649,3.0,11.0,1.0
paper/resultados/raw/latencia/20260818_012636_latencia_delay_200_r04,latencia,delay_200,4,apf_fsm,200.0,21.8842355000088,20.496872499992605,1.0,1.0,success,completed,nan,0.0,0.0,nan,nan,208.13838571561254,214.97778000193648,85.84550769276709,16.34502447461807,100.0,92.3076923076923,0.9578812349074001,0.6443390096372344,26.060008723453453,1342.6146436010313,1.0,11.0,1.0
paper/resultados/raw/latencia/20260818_012751_latencia_delay_200_r05,latencia,delay_200,5,apf_fsm,200.0,21.770778300007805,20.299844099994516,1.0,1.0,success,completed,nan,0.0,0.0,nan,nan,208.11115606149102,215.16498999699252,85.97109225413821,20.2515295755469,100.0,100.0,0.948611373984639,0.6246686814029783,25.98208106034767,1320.6173412005883,1.0,6.0,1.0
paper/resultados/raw/latencia/20260818_012821_latencia_delay_200_r06,latencia,delay_200,6,apf_fsm,200.0,26.765752999985125,25.376601299998583,1.0,1.0,success,completed,nan,0.0,0.0,nan,nan,208.16990365870524,215.12138499383582,85.87859310149537,18.396532760823316,100.0,97.1264367816092,0.9667996720386537,0.6143747586465201,28.077497575294647,1528.1234407027077,1.0,11.0,1.0
paper/resultados/raw/latencia/20260818_012856_latencia_delay_200_r07,latencia,delay_200,7,apf_fsm,200.0,23.276309300010325,21.699327699985588,1.0,1.0,success,completed,nan,0.0,0.0,nan,nan,207.88091773201103,214.43659998476505,85.65011390794025,16.809972844415018,100.0,99.33774834437087,0.9870720709839695,0.6501948004696555,25.73859463378174,1394.8417763001926,1.0,7.0,1.0
paper/resultados/raw/latencia/20260818_012927_latencia_delay_200_r08,latencia,delay_200,8,apf_fsm,200.0,22.227130599989323,20.774014399998123,1.0,1.0,success,completed,nan,0.0,0.0,nan,nan,207.12642500086187,214.85849501914345,89.85656071558229,18.706502142387244,100.0,95.71428571428571,0.9676208171058944,0.6499360021323259,25.839219873736276,1357.09132100048,1.0,9.0,1.0
